host_id,host_status,score,match_id,match_date,guest_id,Season,goals_for,goals_against
583,Win,2:1 ,3589530,2022-04-17,244,2021,2,1 
583,Win,2:0 ,3589292,2021-12-12,162,2021,2,0 
583,Win,1:0 ,3589388,2022-02-11,273,2021,1,0 
583,equal,0:0 ,3589262,2021-12-01,417,2021,0,0 
583,Win,4:2 ,3588789,2021-08-14,667,2021,4,2 
583,equal,1:1 ,3589557,2022-04-23,826,2021,1,1 
583,Win,2:1 ,3588917,2021-09-19,1041,2021,2,1 
583,Win,3:1 ,3589206,2021-11-20,995,2021,3,1 
583,Win,2:1 ,3589144,2021-10-29,1082,2021,2,1 
583,Win,2:0 ,3589335,2022-01-15,3911,2021,2,0 
583,Win,4:0 ,3589359,2022-01-23,1421,2021,4,0 
583,Win,2:0 ,3589102,2021-09-25,969,2021,2,0 
583,Win,2:1 ,3589124,2021-10-15,1420,2021,2,1 
583,equal,2:2 ,3589579,2022-05-08,1095,2021,2,2 
583,Win,5:1 ,3589477,2022-04-03,1158,2021,5,1 
583,Win,4:0 ,3588848,2021-09-11,3524,2021,4,0 
583,Win,3:1 ,3589425,2022-02-26,618,2021,3,1 
583,Win,5:0 ,3589606,2022-05-21,347,2021,5,0 
583,Win,3:0 ,3589446,2022-03-13,40,2021,3,0 
244,equal,0:0 ,3589130,2021-10-24,583,2021,0,0 
244,Lost,0:1 ,3589432,2022-03-06,162,2021,0,1 
244,Win,2:0 ,3588915,2021-09-19,273,2021,2,0 
244,Win,2:1 ,3589460,2022-03-20,417,2021,2,1 
244,Win,4:0 ,3589604,2022-05-21,667,2021,4,0 
244,Lost,2:3 ,3589101,2021-09-26,826,2021,2,3 
244,Lost,0:3 ,3589565,2022-05-01,1041,2021,0,3 
244,Win,3:2 ,3589539,2022-04-20,995,2021,3,2 
244,equal,1:1 ,3589332,2022-01-16,1082,2021,1,1 
244,Lost,1:2 ,3589276,2021-12-04,3911,2021,1,2 
244,equal,1:1 ,3589306,2021-12-22,1421,2021,1,1 
244,Win,2:0 ,3589503,2022-04-10,969,2021,2,0 
244,Win,5:2 ,3589362,2022-02-04,1420,2021,5,2 
244,Win,1:0 ,3589226,2021-11-28,1095,2021,1,0 
244,Win,4:1 ,3589121,2021-10-17,1158,2021,4,1 
244,Lost,0:2 ,3589402,2022-02-20,3524,2021,0,2 
244,Win,3:1 ,3588834,2021-08-28,618,2021,3,1 
244,equal,0:0 ,3589170,2021-11-07,347,2021,0,0 
244,equal,2:2 ,3588787,2021-08-15,40,2021,2,2 
162,Win,3:0 ,3589461,2022-03-20,583,2021,3,0 
162,Lost,0:2 ,3588845,2021-09-11,244,2021,0,2 
162,Win,2:1 ,3589307,2021-12-22,273,2021,2,1 
162,Win,1:0 ,3589540,2022-04-20,417,2021,1,0 
162,equal,1:1 ,3589227,2021-11-28,667,2021,1,1 
162,Lost,0:2 ,3588818,2021-08-21,826,2021,0,2 
162,Win,2:0 ,3589363,2022-02-05,1041,2021,2,0 
162,equal,1:1 ,3588767,2021-08-06,995,2021,1,1 
162,equal,2:2 ,3589205,2021-11-19,1082,2021,2,2 
162,Win,4:2 ,3589584,2022-05-14,3911,2021,4,2 
162,Lost,1:2 ,3589423,2022-02-27,1421,2021,1,2 
162,Win,3:1 ,3589131,2021-10-24,969,2021,3,1 
162,Win,2:0 ,3589566,2022-05-01,1420,2021,2,0 
162,Win,2:1 ,3589504,2022-04-10,1095,2021,2,1 
162,equal,0:0 ,3589385,2022-02-13,1158,2021,0,0 
162,Win,4:0 ,3589333,2022-01-16,3524,2021,4,0 
162,Win,3:1 ,3588934,2021-09-22,618,2021,3,1 
162,Win,4:0 ,3589277,2021-12-05,347,2021,4,0 
162,Win,3:0 ,3589111,2021-10-03,40,2021,3,0 
273,Win,2:0 ,3589115,2021-10-03,583,2021,2,0 
273,Win,2:0 ,3589587,2022-05-14,244,2021,2,0 
273,Lost,2:3 ,3589531,2022-04-15,162,2021,2,3 
273,Lost,1:2 ,3589294,2021-12-12,417,2021,1,2 
273,Win,1:0 ,3589135,2021-10-24,667,2021,1,0 
273,equal,1:1 ,3588770,2021-08-08,826,2021,1,1 
273,Win,4:1 ,3589174,2021-11-07,1041,2021,4,1 
273,Win,1:0 ,3588821,2021-08-22,995,2021,1,0 
273,Lost,1:2 ,3589263,2021-12-01,1082,2021,1,2 
273,Win,2:0 ,3589366,2022-02-06,3911,2021,2,0 
273,Lost,0:2 ,3588849,2021-09-12,1421,2021,0,2 
273,Win,2:0 ,3589207,2021-11-20,969,2021,2,0 
273,Win,2:0 ,3589436,2022-03-06,1420,2021,2,0 
273,Win,4:1 ,3589406,2022-02-20,1095,2021,4,1 
273,Win,5:0 ,3589559,2022-04-24,1158,2021,5,0 
273,Win,6:0 ,3588937,2021-09-22,3524,2021,6,0 
273,Win,2:0 ,3589568,2022-04-30,618,2021,2,0 
273,Win,6:1 ,3589464,2022-03-20,347,2021,6,1 
273,Win,6:0 ,3589337,2022-01-16,40,2021,6,0 
417,Win,1:0 ,3589434,2022-03-05,583,2021,1,0 
417,equal,1:1 ,3588820,2021-10-27,244,2021,1,1 
417,equal,2:2 ,3588916,2021-09-19,162,2021,2,2 
417,equal,1:1 ,3589476,2022-04-02,273,2021,1,1 
417,Lost,0:3 ,3589279,2021-12-05,667,2021,0,3 
417,Win,2:1 ,3589309,2021-12-22,826,2021,2,1 
417,Win,3:2 ,3589133,2021-10-24,1041,2021,3,2 
417,Win,2:1 ,3589334,2022-01-14,995,2021,2,1 
417,Lost,1:3 ,3589586,2022-05-14,1082,2021,1,3 
417,Win,2:1 ,3589114,2021-10-02,3911,2021,2,1 
417,equal,0:0 ,3588769,2021-08-08,1421,2021,0,0 
417,Lost,0:1 ,3589172,2021-11-07,969,2021,0,1 
417,Win,1:0 ,3589404,2022-02-20,1420,2021,1,0 
417,Win,1:0 ,3589556,2022-04-24,1095,2021,1,0 
417,Win,2:1 ,3589529,2022-04-17,1158,2021,2,1 
417,Lost,0:1 ,3589364,2022-02-06,3524,2021,0,1 
417,Win,4:2 ,3589578,2022-05-11,618,2021,4,2 
417,Lost,0:1 ,3589229,2021-11-27,347,2021,0,1 
417,Win,4:0 ,3588836,2021-08-28,40,2021,4,0 
667,equal,3:3 ,3589569,2022-04-29,583,2021,3,3 
667,Lost,0:2 ,3589295,2021-12-12,244,2021,0,2 
667,Win,1:0 ,3589447,2022-03-13,162,2021,1,0 
667,Win,2:1 ,3589542,2022-04-20,273,2021,2,1 
667,equal,0:0 ,3589426,2022-02-26,417,2021,0,0 
667,Win,1:0 ,3589479,2022-04-03,826,2021,1,0 
667,equal,1:1 ,3589506,2022-04-10,1041,2021,1,1 
667,Win,1:0 ,3589368,2022-02-06,995,2021,1,0 
667,Lost,1:2 ,3589105,2021-09-25,1082,2021,1,2 
667,Win,3:1 ,3588838,2021-08-29,3911,2021,3,1 
667,equal,1:1 ,3589208,2021-11-21,1421,2021,1,1 
667,Win,3:1 ,3589339,2022-01-16,969,2021,3,1 
667,Lost,0:2 ,3588772,2021-08-08,1420,2021,0,2 
667,equal,1:1 ,3588823,2021-08-22,1095,2021,1,1 
667,Win,4:0 ,3589145,2021-10-31,1158,2021,4,0 
667,Win,1:0 ,3589589,2022-05-14,3524,2021,1,0 
667,Win,5:1 ,3589125,2021-10-17,618,2021,5,1 
667,Win,3:0 ,3588920,2021-09-17,347,2021,3,0 
667,Win,5:2 ,3589264,2021-12-01,40,2021,5,2 
826,equal,1:1 ,3589273,2021-12-04,583,2021,1,1 
826,Lost,0:2 ,3589354,2022-01-22,244,2021,0,2 
826,equal,2:2 ,3589601,2022-05-21,162,2021,2,2 
826,Win,1:0 ,3589325,2022-01-08,273,2021,1,0 
826,Win,3:0 ,3589501,2022-04-10,417,2021,3,0 
826,Lost,0:1 ,3588929,2021-09-22,667,2021,0,1 
826,equal,1:1 ,3589399,2022-02-19,1041,2021,1,1 
826,equal,2:2 ,3589563,2022-04-30,995,2021,2,2 
826,Win,1:0 ,3588914,2021-09-18,1082,2021,1,0 
826,Lost,0:1 ,3589429,2022-03-05,3911,2021,0,1 
826,Win,2:0 ,3589108,2021-10-01,1421,2021,2,0 
826,Win,2:0 ,3589537,2022-04-20,969,2021,2,0 
826,equal,2:2 ,3589223,2021-11-26,1420,2021,2,2 
826,Win,4:0 ,3589167,2021-11-05,1095,2021,4,0 
826,equal,2:2 ,3588832,2021-08-29,1158,2021,2,2 
826,Win,3:1 ,3589458,2022-03-19,3524,2021,3,1 
826,equal,2:2 ,3588784,2021-08-15,618,2021,2,2 
826,Win,4:1 ,3589127,2021-10-24,347,2021,4,1 
826,Win,3:2 ,3589382,2022-02-13,40,2021,3,2 
1041,equal,1:1 ,3589327,2022-01-09,583,2021,1,1 
1041,Win,2:1 ,3589203,2022-02-01,244,2021,2,1 
1041,Win,2:0 ,3589120,2021-10-16,162,2021,2,0 
1041,Lost,2:4 ,3589443,2022-03-13,273,2021,2,4 
1041,Win,2:0 ,3589383,2022-02-12,417,2021,2,0 
1041,Win,3:1 ,3588843,2021-09-12,667,2021,3,1 
1041,Win,2:1 ,3589141,2021-10-30,826,2021,2,1 
1041,Win,3:2 ,3589582,2022-05-14,995,2021,3,2 
1041,Lost,0:1 ,3589421,2022-02-27,1082,2021,0,1 
1041,equal,1:1 ,3588765,2021-08-07,3911,2021,1,1 
1041,Lost,1:2 ,3589259,2021-12-01,1421,2021,1,2 
1041,Win,5:2 ,3589553,2022-04-23,969,2021,5,2 
1041,Win,3:2 ,3589473,2022-04-03,1420,2021,3,2 
1041,Win,3:1 ,3588932,2021-09-22,1095,2021,3,1 
1041,equal,1:1 ,3589100,2021-09-25,1158,2021,1,1 
1041,equal,3:3 ,3588816,2021-08-22,3524,2021,3,3 
1041,Win,1:0 ,3589355,2022-01-21,618,2021,1,0 
1041,equal,1:1 ,3589305,2021-12-22,347,2021,1,1 
1041,Win,6:1 ,3589525,2022-04-17,40,2021,6,1 
995,Win,3:1 ,3589403,2022-02-19,583,2021,3,1 
995,Lost,0:1 ,3589261,2021-12-01,244,2021,0,1 
995,equal,0:0 ,3589330,2022-01-09,162,2021,0,0 
995,Win,2:1 ,3589577,2022-05-11,273,2021,2,1 
995,Lost,0:2 ,3588847,2021-09-12,417,2021,0,2 
995,equal,2:2 ,3589171,2021-11-07,667,2021,2,2 
995,Win,3:2 ,3589291,2021-12-10,826,2021,3,2 
995,Lost,0:1 ,3588835,2021-08-27,1041,2021,0,1 
995,Lost,0:1 ,3589462,2022-03-19,1082,2021,0,1 
995,Win,3:1 ,3588936,2021-09-22,3911,2021,3,1 
995,Win,1:0 ,3589387,2022-02-13,1421,2021,1,0 
995,Win,2:0 ,3589433,2022-03-06,969,2021,2,0 
995,equal,1:1 ,3589528,2022-04-17,1420,2021,1,1 
995,Win,2:0 ,3589113,2021-10-03,1095,2021,2,0 
995,Win,4:2 ,3589358,2022-01-23,1158,2021,4,2 
995,Win,2:1 ,3589132,2021-10-23,3524,2021,2,1 
995,equal,1:1 ,3589605,2022-05-21,618,2021,1,1 
995,Win,2:0 ,3588788,2021-08-15,347,2021,2,0 
995,Win,5:3 ,3589555,2022-04-24,40,2021,5,3 
1082,Lost,1:5 ,3589360,2022-02-06,583,2021,1,5 
1082,Win,2:0 ,3589109,2021-10-03,244,2021,2,0 
1082,Lost,1:2 ,3589574,2022-05-06,162,2021,1,2 
1082,equal,2:2 ,3589602,2022-05-21,273,2021,2,2 
1082,Lost,0:4 ,3588785,2021-08-14,417,2021,0,4 
1082,Win,1:0 ,3589552,2022-04-24,667,2021,1,0 
1082,Lost,1:2 ,3589524,2022-04-16,826,2021,1,2 
1082,equal,0:0 ,3589289,2021-12-12,1041,2021,0,0 
1082,equal,1:1 ,3589224,2021-11-27,995,2021,1,1 
1082,equal,1:1 ,3589128,2021-10-23,3911,2021,1,1 
1082,Win,2:1 ,3588930,2021-09-22,1421,2021,2,1 
1082,Win,2:1 ,3588833,2021-08-29,969,2021,2,1 
1082,equal,1:1 ,3589168,2021-11-06,1420,2021,1,1 
1082,Win,2:1 ,3589274,2021-12-04,1095,2021,2,1 
1082,Win,3:1 ,3589326,2022-01-19,1158,2021,3,1 
1082,Win,4:0 ,3589430,2022-03-06,3524,2021,4,0 
1082,equal,0:0 ,3589442,2022-03-11,618,2021,0,0 
1082,equal,0:0 ,3589400,2022-02-18,347,2021,0,0 
1082,equal,0:0 ,3589472,2022-04-02,40,2021,0,0 
3911,Lost,2:4 ,3588815,2021-08-20,583,2021,2,4 
3911,Lost,1:4 ,3589440,2022-03-13,244,2021,1,4 
3911,Win,2:0 ,3589139,2021-10-31,162,2021,2,0 
3911,equal,1:1 ,3588782,2021-08-15,273,2021,1,1 
3911,Lost,0:3 ,3589323,2022-01-09,417,2021,0,3 
3911,Lost,0:1 ,3589572,2022-05-07,667,2021,0,1 
3911,Win,4:0 ,3589201,2021-11-21,826,2021,4,0 
3911,Win,2:1 ,3589536,2022-04-20,1041,2021,2,1 
3911,equal,1:1 ,3589499,2022-04-10,995,2021,1,1 
3911,Win,2:0 ,3589352,2022-01-22,1082,2021,2,0 
3911,equal,1:1 ,3589118,2021-10-17,1421,2021,1,1 
3911,Lost,0:4 ,3589288,2021-12-11,969,2021,0,4 
3911,equal,1:1 ,3588841,2021-09-12,1420,2021,1,1 
3911,Win,5:1 ,3589380,2022-02-13,1095,2021,5,1 
3911,Lost,0:1 ,3589419,2022-02-27,1158,2021,0,1 
3911,Win,2:0 ,3589562,2022-05-01,3524,2021,2,0 
3911,Win,1:0 ,3589257,2021-12-01,618,2021,1,0 
3911,Lost,1:2 ,3589098,2021-09-26,347,2021,1,2 
3911,Lost,2:4 ,3589599,2022-05-21,40,2021,2,4 
1421,Lost,0:2 ,3588837,2021-08-29,583,2021,0,2 
1421,Lost,0:1 ,3589558,2022-04-24,244,2021,0,1 
1421,equal,0:0 ,3589173,2021-11-07,162,2021,0,0 
1421,Lost,2:3 ,3589505,2022-04-09,273,2021,2,3 
1421,Lost,2:3 ,3589607,2022-05-21,417,2021,2,3 
1421,equal,1:1 ,3589435,2022-03-06,667,2021,1,1 
1421,Lost,1:2 ,3589580,2022-05-08,826,2021,1,2 
1421,equal,0:0 ,3589463,2022-03-20,1041,2021,0,0 
1421,Win,3:1 ,3589103,2021-09-26,995,2021,3,1 
1421,Win,2:1 ,3589541,2022-04-20,1082,2021,2,1 
1421,equal,1:1 ,3589405,2022-02-20,3911,2021,1,1 
1421,equal,3:3 ,3588790,2021-08-15,969,2021,3,3 
1421,Lost,1:2 ,3589280,2021-12-05,1420,2021,1,2 
1421,Lost,1:2 ,3589134,2021-10-24,1095,2021,1,2 
1421,equal,0:0 ,3588918,2021-09-19,1158,2021,0,0 
1421,Win,1:0 ,3589230,2021-11-28,3524,2021,1,0 
1421,Win,2:0 ,3589293,2021-12-11,618,2021,2,0 
1421,Lost,0:1 ,3589336,2022-01-16,347,2021,0,1 
1421,Win,5:0 ,3589365,2022-02-06,40,2021,5,0 
969,Lost,0:4 ,3589585,2022-05-14,583,2021,0,4 
969,Lost,2:3 ,3588768,2021-08-08,244,2021,2,3 
969,Win,3:2 ,3589357,2022-01-23,162,2021,3,2 
969,Lost,2:4 ,3589424,2022-02-25,273,2021,2,4 
969,equal,0:0 ,3589445,2022-03-12,417,2021,0,0 
969,equal,1:1 ,3589112,2021-10-02,667,2021,1,1 
969,Win,1:0 ,3589123,2021-10-17,826,2021,1,0 
969,Lost,0:1 ,3589228,2021-11-28,1041,2021,0,1 
969,Win,2:0 ,3589143,2021-10-31,995,2021,2,0 
969,Lost,0:1 ,3589386,2022-02-12,1082,2021,0,1 
969,Lost,1:2 ,3589475,2022-04-03,3911,2021,1,2 
969,equal,0:0 ,3589527,2022-04-17,1421,2021,0,0 
969,Win,4:1 ,3589308,2021-12-22,1420,2021,4,1 
969,Lost,0:1 ,3589329,2022-01-19,1095,2021,0,1 
969,Win,3:1 ,3588819,2021-08-22,1158,2021,3,1 
969,Win,1:0 ,3589278,2021-12-05,3524,2021,1,0 
969,Win,2:0 ,3588846,2021-09-12,618,2021,2,0 
969,equal,2:2 ,3589567,2022-05-01,347,2021,2,2 
969,equal,3:3 ,3588935,2021-09-22,40,2021,3,3 
1420,Lost,0:3 ,3589534,2022-04-20,583,2021,0,3 
1420,equal,0:0 ,3588928,2021-09-22,244,2021,0,0 
1420,Lost,1:3 ,3589256,2021-12-01,162,2021,1,3 
1420,Win,2:0 ,3588830,2021-08-29,273,2021,2,0 
1420,Lost,1:2 ,3589137,2021-10-31,417,2021,1,2 
1420,Lost,0:1 ,3589379,2022-02-13,667,2021,0,1 
1420,Lost,1:2 ,3589418,2022-02-27,826,2021,1,2 
1420,Win,3:0 ,3588781,2021-08-15,1041,2021,3,0 
1420,Lost,1:4 ,3588912,2021-09-19,995,2021,1,4 
1420,equal,1:1 ,3589497,2022-04-10,1082,2021,1,1 
1420,Win,1:0 ,3589456,2022-03-20,3911,2021,1,0 
1420,Lost,0:1 ,3589439,2022-03-13,1421,2021,0,1 
1420,Win,2:0 ,3589598,2022-05-21,969,2021,2,0 
1420,Win,2:1 ,3589350,2022-01-23,1095,2021,2,1 
1420,Win,1:0 ,3589200,2021-11-21,1158,2021,1,0 
1420,Lost,0:1 ,3589287,2021-12-12,3524,2021,0,1 
1420,Lost,0:1 ,3589321,2022-01-26,618,2021,0,1 
1420,Win,3:2 ,3589107,2021-10-03,347,2021,3,2 
1420,Win,4:1 ,3589571,2022-05-08,40,2021,4,1 
1095,Lost,1:2 ,3588773,2021-08-07,583,2021,1,2 
1095,equal,1:1 ,3589427,2022-02-27,244,2021,1,1 
1095,Lost,1:2 ,3588839,2021-08-29,162,2021,1,2 
1095,equal,2:2 ,3589146,2021-10-31,273,2021,2,2 
1095,Win,1:0 ,3589126,2021-10-17,417,2021,1,0 
1095,equal,1:1 ,3589533,2022-04-17,667,2021,1,1 
1095,Lost,1:3 ,3589590,2022-05-14,826,2021,1,3 
1095,Lost,0:1 ,3589340,2022-01-16,1041,2021,0,1 
1095,Win,1:0 ,3589448,2022-03-12,995,2021,1,0 
1095,Win,3:0 ,3589570,2022-05-01,1082,2021,3,0 
1095,equal,1:1 ,3589311,2021-12-22,3911,2021,1,1 
1095,Win,1:0 ,3589480,2022-04-03,1421,2021,1,0 
1095,equal,1:1 ,3588921,2021-09-19,969,2021,1,1 
1095,equal,1:1 ,3589106,2021-09-26,1420,2021,1,1 
1095,Win,2:0 ,3589265,2021-12-01,1158,2021,2,0 
1095,Lost,0:1 ,3589543,2022-04-20,3524,2021,0,1 
1095,Lost,0:1 ,3589209,2021-11-21,618,2021,0,1 
1095,equal,0:0 ,3589369,2022-02-06,347,2021,0,0 
1095,Lost,1:2 ,3589296,2021-12-12,40,2021,1,2 
1158,equal,1:1 ,3589304,2021-12-22,583,2021,1,1 
1158,Lost,0:3 ,3589575,2022-05-08,244,2021,0,3 
1158,Win,1:0 ,3588786,2021-08-13,162,2021,1,0 
1158,Lost,0:2 ,3589225,2021-11-28,273,2021,0,2 
1158,Win,1:0 ,3588931,2021-09-22,417,2021,1,0 
1158,equal,0:0 ,3589459,2022-03-20,667,2021,0,0 
1158,Win,2:0 ,3589361,2022-02-06,826,2021,2,0 
1158,Lost,1:4 ,3589431,2022-03-04,1041,2021,1,4 
1158,Lost,0:1 ,3589275,2021-12-05,995,2021,0,1 
1158,Win,2:1 ,3588842,2021-09-10,1082,2021,2,1 
1158,Lost,1:2 ,3589169,2021-11-07,3911,2021,1,2 
1158,Lost,1:2 ,3589564,2022-05-01,1421,2021,1,2 
1158,Lost,0:1 ,3589401,2022-02-20,969,2021,0,1 
1158,equal,0:0 ,3589331,2022-01-16,1420,2021,0,0 
1158,equal,1:1 ,3589603,2022-05-21,1095,2021,1,1 
1158,equal,1:1 ,3589110,2021-10-03,3524,2021,1,1 
1158,Win,6:2 ,3589502,2022-04-08,618,2021,6,2 
1158,Win,1:0 ,3589538,2022-04-20,347,2021,1,0 
1158,equal,1:1 ,3589129,2021-10-24,40,2021,1,1 
3524,Lost,1:6 ,3589500,2022-04-09,583,2021,1,6 
3524,Lost,0:1 ,3589140,2021-10-31,244,2021,0,1 
3524,Lost,1:3 ,3589099,2021-09-26,162,2021,1,3 
3524,Win,2:1 ,3589353,2022-01-23,273,2021,2,1 
3524,Lost,1:2 ,3589202,2021-11-21,417,2021,1,2 
3524,Lost,0:2 ,3589303,2022-01-19,667,2021,0,2 
3524,equal,2:2 ,3589258,2021-12-01,826,2021,2,2 
3524,Lost,1:2 ,3589600,2022-05-21,1041,2021,1,2 
3524,Lost,2:3 ,3589471,2022-04-03,995,2021,2,3 
3524,Win,1:0 ,3589119,2021-10-16,1082,2021,1,0 
3524,equal,1:1 ,3588913,2021-09-19,3911,2021,1,1 
3524,equal,0:0 ,3589324,2022-01-09,1421,2021,0,0 
3524,Win,2:1 ,3589573,2022-05-08,969,2021,2,1 
3524,equal,2:2 ,3589551,2022-04-24,1420,2021,2,2 
3524,Win,2:0 ,3588783,2021-08-15,1095,2021,2,0 
3524,Lost,0:2 ,3589441,2022-03-13,1158,2021,0,2 
3524,Lost,1:2 ,3589381,2022-02-13,618,2021,1,2 
3524,equal,2:2 ,3588831,2021-08-29,347,2021,2,2 
3524,equal,1:1 ,3589420,2022-02-27,40,2021,1,1 
618,Lost,1:3 ,3589231,2021-11-28,583,2021,1,3 
618,Lost,2:4 ,3589478,2022-04-03,244,2021,2,4 
618,Lost,1:4 ,3589560,2022-04-23,162,2021,1,4 
618,Lost,0:5 ,3589281,2021-12-05,273,2021,0,5 
618,Lost,0:3 ,3589104,2021-09-25,417,2021,0,3 
618,equal,2:2 ,3589407,2022-02-20,667,2021,2,2 
618,Lost,1:2 ,3589338,2022-01-15,826,2021,1,2 
618,equal,1:1 ,3589116,2021-10-03,1041,2021,1,1 
618,Lost,0:1 ,3589310,2021-12-22,995,2021,0,1 
618,equal,1:1 ,3588822,2021-08-21,1082,2021,1,1 
618,Win,2:1 ,3589532,2022-04-16,3911,2021,2,1 
618,Lost,1:2 ,3589588,2022-05-14,1421,2021,1,2 
618,Win,3:1 ,3589367,2022-02-05,969,2021,3,1 
618,equal,2:2 ,3589136,2021-10-22,1420,2021,2,2 
618,equal,1:1 ,3589465,2022-03-18,1095,2021,1,1 
618,equal,1:1 ,3588771,2021-08-08,1158,2021,1,1 
618,Win,3:2 ,3589175,2021-11-07,3524,2021,3,2 
618,Win,1:0 ,3589437,2022-03-06,347,2021,1,0 
618,Lost,1:2 ,3588919,2021-09-18,40,2021,1,2 
347,Lost,1:2 ,3588933,2021-09-22,583,2021,1,2 
347,Lost,1:2 ,3589384,2022-02-13,244,2021,1,2 
347,Lost,1:2 ,3589474,2022-04-03,162,2021,1,2 
347,Lost,0:3 ,3589122,2021-10-17,273,2021,0,3 
347,Lost,0:2 ,3589356,2022-01-23,417,2021,0,2 
347,Lost,0:2 ,3589328,2022-01-09,667,2021,0,2 
347,equal,0:0 ,3589444,2022-03-13,826,2021,0,0 
347,Win,3:2 ,3589576,2022-05-08,1041,2021,3,2 
347,equal,0:0 ,3589422,2022-02-27,995,2021,0,0 
347,equal,3:3 ,3588766,2021-08-08,1082,2021,3,3 
347,Lost,0:1 ,3589554,2022-04-24,3911,2021,0,1 
347,equal,1:1 ,3588817,2021-08-22,1421,2021,1,1 
347,Lost,1:3 ,3589260,2021-12-01,969,2021,1,3 
347,Win,1:0 ,3589583,2022-05-14,1420,2021,1,0 
347,Lost,0:2 ,3588844,2021-09-12,1095,2021,0,2 
347,Win,4:1 ,3589290,2021-12-12,1158,2021,4,1 
347,equal,1:1 ,3589526,2022-04-17,3524,2021,1,1 
347,equal,1:1 ,3589142,2021-10-30,618,2021,1,1 
347,equal,3:3 ,3589204,2021-11-21,40,2021,3,3 
40,Lost,2:3 ,3589166,2021-11-06,583,2021,2,3 
40,Lost,0:1 ,3589322,2022-01-07,244,2021,0,1 
40,equal,1:1 ,3589398,2022-02-20,162,2021,1,1 
40,equal,1:1 ,3589097,2021-09-26,273,2021,1,1 
40,Lost,0:1 ,3589561,2022-05-01,417,2021,0,1 
40,Win,4:3 ,3589351,2022-01-23,667,2021,4,3 
40,Lost,2:3 ,3588840,2021-09-12,826,2021,2,3 
40,equal,2:2 ,3589272,2021-12-05,1041,2021,2,2 
40,equal,1:1 ,3589117,2021-10-17,995,2021,1,1 
40,Lost,2:3 ,3589302,2021-12-22,1082,2021,2,3 
40,Lost,1:2 ,3589222,2021-11-28,3911,2021,1,2 
40,Win,3:2 ,3589138,2021-10-31,1421,2021,3,2 
40,Lost,0:2 ,3589457,2022-03-20,969,2021,0,2 
40,equal,1:1 ,3588814,2021-08-22,1420,2021,1,1 
40,Lost,0:2 ,3589428,2022-03-06,1095,2021,0,2 
40,equal,0:0 ,3589581,2022-05-14,1158,2021,0,0 
40,Lost,0:2 ,3588764,2021-08-08,3524,2021,0,2 
40,equal,2:2 ,3589535,2022-04-20,618,2021,2,2 
40,Win,3:1 ,3589498,2022-04-10,347,2021,3,1 
5,equal,1:1 ,3615120,2021-11-07,46,2021,1,1 
5,Lost,0:1 ,3614713,2021-12-19,6195,2021,0,1 
5,equal,0:0 ,3614754,2022-01-23,506,2021,0,0 
5,Win,2:0 ,3614545,2021-09-12,398,2021,2,0 
5,Win,3:1 ,3614523,2022-01-06,12,2021,3,1 
5,Win,1:0 ,3614882,2022-05-01,430,2021,1,0 
5,Win,2:0 ,3614903,2022-05-15,800,2021,2,0 
5,Win,3:2 ,3614598,2021-10-16,276,2021,3,2 
5,Win,1:0 ,3614620,2021-10-26,416,2021,1,0 
5,Lost,1:3 ,3614670,2021-11-28,6574,2021,1,3 
5,equal,1:1 ,3614793,2022-02-25,410,2021,1,1 
5,equal,0:0 ,3614833,2022-04-04,1025,2021,0,0 
5,Win,1:0 ,3614812,2022-03-12,749,2021,1,0 
5,Win,1:0 ,3614774,2022-02-13,1038,2021,1,0 
5,Lost,1:2 ,3614742,2022-01-17,3522,2021,1,2 
5,Win,2:0 ,3614692,2021-12-04,380,2021,2,0 
5,Win,4:1 ,3614537,2021-08-29,1390,2021,4,1 
5,Win,2:0 ,3614863,2022-04-15,252,2021,2,0 
5,Win,2:0 ,3614565,2021-09-22,607,2021,2,0 
46,Lost,1:2 ,3614761,2022-02-05,5,2021,1,2 
46,Win,3:2 ,3614662,2021-11-21,6195,2021,3,2 
46,equal,1:1 ,3614610,2021-10-24,506,2021,1,1 
46,Win,2:1 ,3614732,2022-01-09,398,2021,2,1 
46,Win,3:1 ,3614872,2022-04-23,12,2021,3,1 
46,equal,1:1 ,3614822,2022-03-19,430,2021,1,1 
46,equal,2:2 ,3614575,2021-09-25,800,2021,2,2 
46,Win,2:0 ,3614842,2022-04-09,276,2021,2,0 
46,Win,1:0 ,3614723,2021-12-22,416,2021,1,0 
46,Lost,0:2 ,3614781,2022-02-20,6574,2021,0,2 
46,Win,2:0 ,3614632,2021-10-31,410,2021,2,0 
46,Win,6:1 ,3614554,2021-09-18,1025,2021,6,1 
46,Win,4:2 ,3614891,2022-05-06,749,2021,4,2 
46,Win,3:0 ,3614911,2022-05-22,1038,2021,3,0 
46,Win,2:0 ,3614682,2021-12-01,3522,2021,2,0 
46,Win,5:0 ,3614802,2022-03-04,380,2021,5,0 
46,Win,4:0 ,3614701,2021-12-12,1390,2021,4,0 
46,Win,4:0 ,3614509,2021-08-21,252,2021,4,0 
46,Win,2:1 ,3614752,2022-01-22,607,2021,2,1 
6195,Lost,0:1 ,3614804,2022-03-06,5,2021,0,1 
6195,equal,1:1 ,3614775,2022-02-12,46,2021,1,1 
6195,Win,2:1 ,3614546,2021-09-11,506,2021,2,1 
6195,Win,4:0 ,3614671,2021-11-28,398,2021,4,0 
6195,equal,1:1 ,3614864,2022-04-18,12,2021,1,1 
6195,Lost,2:3 ,3614843,2022-04-10,430,2021,2,3 
6195,Lost,2:3 ,3614693,2021-12-04,800,2021,2,3 
6195,equal,1:1 ,3615121,2021-11-07,276,2021,1,1 
6195,Win,1:0 ,3614599,2021-10-17,416,2021,1,0 
6195,Win,6:1 ,3614883,2022-04-30,6574,2021,6,1 
6195,Win,2:1 ,3614824,2022-03-19,410,2021,2,1 
6195,Win,3:0 ,3614621,2021-10-28,1025,2021,3,0 
6195,Lost,0:1 ,3614702,2021-12-12,749,2021,0,1 
6195,Win,1:0 ,3614733,2022-01-09,1038,2021,1,0 
6195,Lost,0:1 ,3719028,2021-12-22,3522,2021,0,1 
6195,Win,4:1 ,3614755,2022-01-23,380,2021,4,1 
6195,Win,2:0 ,3614578,2021-09-26,1390,2021,2,0 
6195,Win,3:0 ,3614904,2022-05-15,252,2021,3,0 
6195,Win,2:0 ,3614510,2021-08-22,607,2021,2,0 
506,equal,1:1 ,3614555,2021-09-19,5,2021,1,1 
506,Lost,0:1 ,3614831,2022-04-03,46,2021,0,1 
506,equal,1:1 ,3614521,2022-01-06,6195,2021,1,1 
506,equal,2:2 ,3614902,2022-05-16,398,2021,2,2 
506,Win,1:0 ,3614596,2021-10-17,12,2021,1,0 
506,Win,1:0 ,3615118,2021-11-06,430,2021,1,0 
506,Lost,0:1 ,3614669,2021-11-27,800,2021,0,1 
506,Win,2:0 ,3614762,2022-02-06,276,2021,2,0 
506,equal,1:1 ,3614782,2022-02-18,416,2021,1,1 
506,Lost,1:2 ,3614618,2021-10-27,6574,2021,1,2 
506,Win,2:0 ,3614741,2022-01-15,410,2021,2,0 
506,equal,1:1 ,3614861,2022-04-16,1025,2021,1,1 
506,Lost,0:1 ,3614535,2021-08-28,749,2021,0,1 
506,Win,3:2 ,3614576,2021-09-26,1038,2021,3,2 
506,Win,1:0 ,3614803,2022-03-06,3522,2021,1,0 
506,Win,2:0 ,3614823,2022-03-20,380,2021,2,0 
506,Win,2:0 ,3614724,2021-12-21,1390,2021,2,0 
506,Win,2:0 ,3614691,2021-12-05,252,2021,2,0 
506,Win,2:1 ,3614881,2022-05-01,607,2021,2,1 
398,Lost,1:2 ,3614873,2022-04-24,5,2021,1,2 
398,Win,3:1 ,3614597,2021-10-16,46,2021,3,1 
398,Lost,1:2 ,3614792,2022-02-27,6195,2021,1,2 
398,Lost,0:2 ,3614663,2021-11-20,506,2021,0,2 
398,Win,3:2 ,3614577,2021-09-26,12,2021,3,2 
398,Win,1:0 ,3614619,2021-10-27,430,2021,1,0 
398,equal,0:0 ,3614753,2022-01-22,800,2021,0,0 
398,equal,3:3 ,3614912,2022-05-21,276,2021,3,3 
398,equal,1:1 ,3614862,2022-04-16,416,2021,1,1 
398,Win,2:1 ,3614832,2022-04-02,6574,2021,2,1 
398,equal,4:4 ,3614683,2021-12-02,410,2021,4,4 
398,Win,3:0 ,3614773,2022-02-12,1025,2021,3,0 
398,equal,3:3 ,3614522,2022-01-06,749,2021,3,3 
398,Win,2:0 ,3614892,2022-05-07,1038,2021,2,0 
398,Win,6:1 ,3614536,2021-08-28,3522,2021,6,1 
398,Win,3:0 ,3615119,2021-11-07,380,2021,3,0 
398,equal,2:2 ,3614556,2021-09-19,1390,2021,2,2 
398,Win,3:1 ,3614712,2021-12-17,252,2021,3,1 
398,Win,1:0 ,3614811,2022-03-14,607,2021,1,0 
12,Lost,1:2 ,3614633,2021-10-31,5,2021,1,2 
12,Lost,0:3 ,3614694,2021-12-04,46,2021,0,3 
12,equal,0:0 ,3614611,2021-10-24,6195,2021,0,0 
12,Lost,3:4 ,3614734,2022-01-09,506,2021,3,4 
12,Win,3:0 ,3614825,2022-03-20,398,2021,3,0 
12,Win,3:1 ,3614511,2021-08-22,430,2021,3,1 
12,Win,1:0 ,3614805,2022-03-05,800,2021,1,0 
12,equal,2:2 ,3614783,2022-02-19,276,2021,2,2 
12,Win,1:0 ,3614672,2021-11-28,416,2021,1,0 
12,Win,2:1 ,3614547,2021-09-12,6574,2021,2,1 
12,Win,1:0 ,3614566,2021-09-23,410,2021,1,0 
12,equal,0:0 ,3614884,2022-05-01,1025,2021,0,0 
12,Win,2:0 ,3614588,2021-10-03,749,2021,2,0 
12,equal,1:1 ,3718405,2021-12-22,1038,2021,1,1 
12,Win,2:0 ,3614703,2021-12-13,3522,2021,2,0 
12,Win,2:1 ,3614844,2022-04-10,380,2021,2,1 
12,Win,1:0 ,3614743,2022-01-16,1390,2021,1,0 
12,equal,0:0 ,3614763,2022-02-05,252,2021,0,0 
12,equal,1:1 ,3614905,2022-05-14,607,2021,1,1 
430,Win,4:3 ,3614659,2021-11-20,5,2021,4,3 
430,Lost,1:3 ,3614564,2021-09-21,46,2021,1,3 
430,Lost,1:2 ,3614586,2021-10-03,6195,2021,1,2 
430,Win,2:0 ,3614909,2022-05-21,506,2021,2,0 
430,Lost,0:3 ,3614760,2022-02-05,398,2021,0,3 
430,Win,2:0 ,3614888,2022-05-09,12,2021,2,0 
430,Win,1:0 ,3614780,2022-02-20,800,2021,1,0 
430,equal,1:1 ,3614800,2022-03-06,276,2021,1,1 
430,Win,2:1 ,3614532,2021-08-28,416,2021,2,1 
430,equal,2:2 ,3614711,2021-12-19,6574,2021,2,2 
430,Lost,0:4 ,3614520,2022-04-27,410,2021,0,4 
430,Win,1:0 ,3614809,2022-03-13,1025,2021,1,0 
430,Win,1:0 ,3614829,2022-04-03,749,2021,1,0 
430,Win,3:1 ,3614679,2021-11-30,1038,2021,3,1 
430,Win,3:0 ,3614629,2021-10-31,3522,2021,3,0 
430,Win,4:0 ,3614698,2021-12-11,380,2021,4,0 
430,Win,3:0 ,3614608,2021-10-24,1390,2021,3,0 
430,Win,6:0 ,3614740,2022-01-17,252,2021,6,0 
430,Win,1:0 ,3614860,2022-04-16,607,2021,1,0 
800,Lost,2:3 ,3614583,2021-10-03,5,2021,2,3 
800,equal,0:0 ,3614738,2022-01-16,46,2021,0,0 
800,Lost,1:3 ,3614828,2022-04-03,6195,2021,1,3 
800,equal,1:1 ,3614769,2022-02-13,506,2021,1,1 
800,equal,2:2 ,3614627,2021-10-30,398,2021,2,2 
800,Lost,1:4 ,3614708,2021-12-18,12,2021,1,4 
800,Lost,1:2 ,3614541,2021-09-11,430,2021,1,2 
800,Lost,1:2 ,3614858,2022-04-18,276,2021,1,2 
800,equal,4:4 ,3614518,2022-04-27,416,2021,4,4 
800,Win,2:1 ,3614561,2021-09-21,6574,2021,2,1 
800,equal,1:1 ,3614606,2021-10-24,410,2021,1,1 
800,equal,0:0 ,3614531,2021-08-28,1025,2021,0,0 
800,Lost,0:1 ,3614908,2022-05-21,749,2021,0,1 
800,Win,4:0 ,3614788,2022-02-28,1038,2021,4,0 
800,Win,5:2 ,3614657,2021-11-20,3522,2021,5,2 
800,equal,1:1 ,3614878,2022-05-02,380,2021,1,1 
800,Lost,1:2 ,3614758,2022-02-06,1390,2021,1,2 
800,equal,0:0 ,3614808,2022-03-13,252,2021,0,0 
800,Win,4:0 ,3614677,2021-11-30,607,2021,4,0 
276,Lost,1:3 ,3614890,2022-05-08,5,2021,1,3 
276,Lost,1:3 ,3614534,2021-08-27,46,2021,1,3 
276,Lost,1:2 ,3614810,2022-03-13,6195,2021,1,2 
276,Win,2:1 ,3614631,2021-10-30,506,2021,2,1 
276,Win,4:1 ,3614609,2021-10-24,398,2021,4,1 
276,Win,3:2 ,3614553,2021-09-19,12,2021,3,2 
276,equal,1:1 ,3718646,2021-12-22,430,2021,1,1 
276,Lost,1:2 ,3614700,2021-12-12,800,2021,1,2 
276,Lost,0:1 ,3614901,2022-05-14,416,2021,0,1 
276,Lost,2:3 ,3614508,2021-08-21,6574,2021,2,3 
276,Win,4:0 ,3614772,2022-02-13,410,2021,4,0 
276,Win,2:1 ,3614751,2022-01-21,1025,2021,2,1 
276,Win,2:1 ,3614661,2021-11-22,749,2021,2,1 
276,equal,1:1 ,3614871,2022-04-23,1038,2021,1,1 
276,Win,4:0 ,3614587,2021-10-03,3522,2021,4,0 
276,Lost,1:2 ,3614731,2022-01-09,380,2021,1,2 
276,equal,0:0 ,3614681,2021-11-30,1390,2021,0,0 
276,Win,1:0 ,3614830,2022-04-04,252,2021,1,0 
276,Win,3:1 ,3614791,2022-02-27,607,2021,3,1 
416,equal,0:0 ,3614846,2022-04-10,5,2021,0,0 
416,equal,1:1 ,3614816,2022-03-13,46,2021,1,1 
416,Lost,0:1 ,3614896,2022-05-07,6195,2021,0,1 
416,Lost,0:1 ,3614592,2021-10-02,506,2021,0,1 
416,equal,1:1 ,3614570,2021-09-23,398,2021,1,1 
416,Lost,0:3 ,3614916,2022-05-20,12,2021,0,3 
416,Win,4:0 ,3614735,2022-01-10,430,2021,4,0 
416,Lost,1:2 ,3614513,2021-08-21,800,2021,1,2 
416,Win,1:0 ,3614717,2021-12-19,276,2021,1,0 
416,equal,1:1 ,3614757,2022-01-23,6574,2021,1,1 
416,Win,2:1 ,3614666,2021-11-22,410,2021,2,1 
416,Win,2:1 ,3614705,2021-12-12,1025,2021,2,1 
416,equal,2:2 ,3614686,2021-12-02,749,2021,2,2 
416,Win,3:0 ,3614636,2021-10-30,1038,2021,3,0 
416,Win,2:1 ,3614876,2022-04-23,3522,2021,2,1 
416,Win,4:0 ,3614550,2021-09-12,380,2021,4,0 
416,Lost,1:2 ,3614797,2022-02-27,1390,2021,1,2 
416,Win,3:2 ,3614615,2021-10-22,252,2021,3,2 
416,Lost,1:2 ,3614777,2022-02-12,607,2021,1,2 
6574,Lost,0:3 ,3614914,2022-05-22,5,2021,0,3 
6574,Lost,1:2 ,3614591,2021-10-02,46,2021,1,2 
6574,equal,2:2 ,3614685,2021-12-01,6195,2021,2,2 
6574,Lost,1:2 ,3614875,2022-04-25,506,2021,1,2 
6574,Win,2:1 ,3614704,2021-12-12,398,2021,2,1 
6574,equal,2:2 ,3614776,2022-02-13,12,2021,2,2 
6574,Win,2:1 ,3614795,2022-02-26,430,2021,2,1 
6574,Win,2:1 ,3614845,2022-04-10,800,2021,2,1 
6574,Lost,2:4 ,3614746,2022-01-16,276,2021,2,4 
6574,Lost,0:1 ,3614558,2021-09-17,416,2021,0,1 
6574,equal,1:1 ,3614894,2022-05-07,410,2021,1,1 
6574,Lost,0:3 ,3614727,2021-12-22,1025,2021,0,3 
6574,Lost,1:2 ,3614635,2021-10-31,749,2021,1,2 
6574,equal,0:0 ,3614539,2021-08-29,1038,2021,0,0 
6574,Win,4:1 ,3614826,2022-03-18,3522,2021,4,1 
6574,Win,1:0 ,3614579,2021-09-26,380,2021,1,0 
6574,equal,2:2 ,3614665,2021-11-21,1390,2021,2,2 
6574,equal,1:1 ,3614526,2022-01-06,252,2021,1,1 
6574,Win,3:1 ,3614614,2021-10-23,607,2021,3,1 
410,equal,1:1 ,3614706,2021-12-11,5,2021,1,1 
410,Lost,1:2 ,3614887,2022-05-01,46,2021,1,2 
410,Lost,0:4 ,3614559,2021-09-20,6195,2021,0,4 
410,equal,2:2 ,3614514,2021-08-22,506,2021,2,2 
410,equal,1:1 ,3614786,2022-02-20,398,2021,1,1 
410,equal,1:1 ,3614817,2022-03-13,12,2021,1,1 
410,Lost,0:1 ,3614581,2021-09-26,430,2021,0,1 
410,Lost,2:6 ,3614736,2022-01-09,800,2021,2,6 
410,equal,1:1 ,3614624,2021-10-27,276,2021,1,1 
410,Win,2:0 ,3614766,2022-02-06,416,2021,2,0 
410,Win,3:2 ,3615124,2021-11-07,6574,2021,3,2 
410,equal,1:1 ,3614601,2021-10-17,1025,2021,1,1 
410,Win,4:1 ,3614867,2022-04-16,749,2021,4,1 
410,Win,2:1 ,3614806,2022-03-05,1038,2021,2,1 
410,Lost,2:3 ,3614907,2022-05-14,3522,2021,2,3 
410,Lost,0:1 ,3751557,2022-04-20,380,2021,0,1 
410,Win,5:1 ,3614837,2022-04-03,1390,2021,5,1 
410,equal,0:0 ,3614675,2021-11-28,252,2021,0,0 
410,Win,3:0 ,3614540,2021-08-27,607,2021,3,0 
1025,Lost,2:4 ,3614607,2021-10-23,5,2021,2,4 
1025,Win,2:1 ,3614519,2022-04-27,46,2021,2,1 
1025,Lost,0:2 ,3614739,2022-01-17,6195,2021,0,2 
1025,Lost,0:2 ,3614709,2021-12-18,506,2021,0,2 
1025,Win,3:0 ,3614584,2021-10-03,398,2021,3,0 
1025,Win,1:0 ,3614678,2021-12-01,12,2021,1,0 
1025,Lost,2:3 ,3614688,2021-12-05,430,2021,2,3 
1025,Lost,0:1 ,3614818,2022-03-20,800,2021,0,1 
1025,Win,1:0 ,3614542,2021-09-13,276,2021,1,0 
1025,equal,0:0 ,3614798,2022-03-06,416,2021,0,0 
1025,Lost,1:3 ,3614898,2022-05-15,6574,2021,1,3 
1025,equal,2:2 ,3614868,2022-04-24,410,2021,2,2 
1025,equal,0:0 ,3614759,2022-02-06,749,2021,0,0 
1025,Win,2:0 ,3614838,2022-04-11,1038,2021,2,0 
1025,Win,2:1 ,3614778,2022-02-21,3522,2021,2,1 
1025,Win,3:2 ,3614505,2021-08-22,380,2021,3,2 
1025,Win,2:0 ,3614628,2021-11-01,1390,2021,2,0 
1025,equal,2:2 ,3614562,2021-09-21,252,2021,2,2 
1025,Lost,0:1 ,3614658,2021-11-21,607,2021,0,1 
749,Lost,2:4 ,3614720,2021-12-22,5,2021,2,4 
749,Lost,0:2 ,3614617,2021-10-27,46,2021,0,2 
749,Win,3:2 ,3614869,2022-04-24,6195,2021,3,2 
749,Lost,2:3 ,3614789,2022-02-26,506,2021,2,3 
749,Lost,1:3 ,3614507,2021-08-21,398,2021,1,3 
749,Lost,2:4 ,3614749,2022-01-23,12,2021,2,4 
749,Win,2:1 ,3614668,2021-11-27,430,2021,2,1 
749,Lost,1:4 ,3614594,2021-10-17,800,2021,1,4 
749,equal,1:1 ,3614820,2022-03-20,276,2021,1,1 
749,Lost,1:3 ,3614880,2022-05-01,416,2021,1,3 
749,Lost,1:5 ,3614729,2022-01-09,6574,2021,1,5 
749,Win,3:1 ,3614690,2021-12-06,410,2021,3,1 
749,Win,4:2 ,3614573,2021-09-26,1025,2021,4,2 
749,Lost,0:3 ,3614551,2021-09-19,1038,2021,0,3 
749,equal,0:0 ,3614840,2022-04-09,3522,2021,0,0 
749,equal,1:1 ,3614900,2022-05-14,380,2021,1,1 
749,equal,1:1 ,3614770,2022-02-13,1390,2021,1,1 
749,equal,2:2 ,3615117,2021-11-05,252,2021,2,2 
749,Lost,1:2 ,3614544,2021-09-11,607,2021,1,2 
1038,Lost,0:1 ,3614512,2021-08-23,5,2021,0,1 
1038,equal,2:2 ,3614548,2021-09-12,46,2021,2,2 
1038,Lost,0:4 ,3614568,2021-09-23,6195,2021,0,4 
1038,Lost,1:3 ,3614814,2022-03-12,506,2021,1,3 
1038,Lost,1:3 ,3614695,2021-12-05,398,2021,1,3 
1038,Lost,0:1 ,3614835,2022-04-03,12,2021,0,1 
1038,Win,4:1 ,3614906,2022-05-16,430,2021,4,1 
1038,Lost,1:3 ,3614622,2021-10-27,800,2021,1,3 
1038,Win,3:1 ,3614673,2021-11-27,276,2021,3,1 
1038,Lost,1:2 ,3614745,2022-01-15,416,2021,1,2 
1038,Win,4:0 ,3614765,2022-02-06,6574,2021,4,0 
1038,equal,3:3 ,3614590,2021-10-03,410,2021,3,3 
1038,Lost,1:2 ,3615122,2021-11-07,1025,2021,1,2 
1038,Win,2:0 ,3614785,2022-02-19,749,2021,2,0 
1038,Win,2:1 ,3614613,2021-10-22,3522,2021,2,1 
1038,Lost,1:2 ,3614865,2022-04-16,380,2021,1,2 
1038,Lost,1:2 ,3614525,2022-01-06,1390,2021,1,2 
1038,Win,1:0 ,3614885,2022-04-30,252,2021,1,0 
1038,equal,1:1 ,3614715,2021-12-19,607,2021,1,1 
3522,Lost,1:2 ,3614580,2021-09-25,5,2021,1,2 
3522,Lost,1:3 ,3614866,2022-04-15,46,2021,1,3 
3522,Lost,0:3 ,3614915,2022-05-22,6195,2021,0,3 
3522,Lost,2:3 ,3614569,2021-09-22,506,2021,2,3 
3522,Lost,3:4 ,3614886,2022-04-30,398,2021,3,4 
3522,Lost,0:1 ,3614796,2022-02-27,12,2021,0,1 
3522,Lost,1:2 ,3615128,2022-02-14,430,2021,1,2 
3522,Lost,1:3 ,3614895,2022-05-08,800,2021,1,3 
3522,Lost,1:2 ,3614527,2022-01-06,276,2021,1,2 
3522,Win,1:0 ,3615123,2021-11-06,416,2021,1,0 
3522,equal,2:2 ,3614696,2021-12-05,6574,2021,2,2 
3522,Lost,0:1 ,3614549,2021-09-12,410,2021,0,1 
3522,Lost,0:1 ,3614674,2021-11-28,1025,2021,0,1 
3522,equal,1:1 ,3614716,2021-12-19,749,2021,1,1 
3522,Win,1:0 ,3614756,2022-01-23,1038,2021,1,0 
3522,Win,2:1 ,3614600,2021-10-16,380,2021,2,1 
3522,Win,2:0 ,3614815,2022-03-12,1390,2021,2,0 
3522,equal,1:1 ,3614623,2021-10-26,252,2021,1,1 
3522,Win,1:0 ,3614836,2022-04-02,607,2021,1,0 
380,equal,2:2 ,3614784,2022-02-19,5,2021,2,2 
380,Lost,0:5 ,3614714,2021-12-17,46,2021,0,5 
380,Lost,0:1 ,3614634,2021-10-31,6195,2021,0,1 
380,Lost,0:2 ,3614684,2021-11-30,506,2021,0,2 
380,Lost,0:3 ,3614744,2022-01-15,398,2021,0,3 
380,Lost,0:4 ,3614538,2021-08-29,12,2021,0,4 
380,Win,2:1 ,3614874,2022-04-24,430,2021,2,1 
380,Lost,0:1 ,3614557,2021-09-18,800,2021,0,1 
380,equal,2:2 ,3614567,2021-09-22,276,2021,2,2 
380,Lost,0:1 ,3614834,2022-04-02,416,2021,0,1 
380,equal,2:2 ,3614813,2022-03-12,6574,2021,2,2 
380,Lost,0:4 ,3614913,2022-05-22,410,2021,0,4 
380,equal,1:1 ,3614794,2022-02-26,1025,2021,1,1 
380,Lost,2:4 ,3614612,2021-10-23,749,2021,2,4 
380,Lost,0:2 ,3614664,2021-11-21,1038,2021,0,2 
380,equal,2:2 ,3614764,2022-02-07,3522,2021,2,2 
380,equal,1:1 ,3614893,2022-05-08,1390,2021,1,1 
380,Win,1:0 ,3614589,2021-10-02,252,2021,1,0 
380,Win,2:1 ,3614524,2022-05-05,607,2021,2,1 
1390,Lost,0:1 ,3614819,2022-03-19,5,2021,0,1 
1390,Lost,1:3 ,3614899,2022-05-15,46,2021,1,3 
1390,equal,1:1 ,3614779,2022-02-21,6195,2021,1,1 
1390,Lost,1:2 ,3614839,2022-04-09,506,2021,1,2 
1390,Lost,0:3 ,3614799,2022-03-05,398,2021,0,3 
1390,Lost,1:2 ,3614616,2021-10-27,12,2021,1,2 
1390,equal,1:1 ,3614748,2022-01-23,430,2021,1,1 
1390,Lost,1:2 ,3615116,2021-11-06,800,2021,1,2 
1390,Lost,1:2 ,3614879,2022-04-30,276,2021,1,2 
1390,equal,1:1 ,3614689,2021-12-06,416,2021,1,1 
1390,Win,1:0 ,3614859,2022-04-16,6574,2021,1,0 
1390,Lost,0:4 ,3614710,2021-12-18,410,2021,0,4 
1390,Win,2:1 ,3614728,2022-01-11,1025,2021,2,1 
1390,Lost,0:2 ,3614563,2021-09-22,749,2021,0,2 
1390,Win,3:1 ,3614593,2021-10-17,1038,2021,3,1 
1390,equal,2:2 ,3614506,2021-08-23,3522,2021,2,2 
1390,equal,1:1 ,3614667,2021-11-26,380,2021,1,1 
1390,Lost,2:3 ,3614543,2021-09-12,252,2021,2,3 
1390,equal,1:1 ,3614585,2021-10-01,607,2021,1,1 
252,Lost,0:3 ,3614680,2021-12-01,5,2021,0,3 
252,equal,0:0 ,3614790,2022-02-25,46,2021,0,0 
252,Lost,1:2 ,3614533,2021-08-29,6195,2021,1,2 
252,Win,2:1 ,3614889,2022-05-06,506,2021,2,1 
252,Lost,1:4 ,3614841,2022-04-10,398,2021,1,4 
252,Lost,0:2 ,3614660,2021-11-21,12,2021,0,2 
252,Lost,1:2 ,3614552,2021-09-18,430,2021,1,2 
252,equal,0:0 ,3614721,2021-12-21,800,2021,0,0 
252,equal,3:3 ,3614574,2021-09-25,276,2021,3,3 
252,Win,1:0 ,3614821,2022-03-18,416,2021,1,0 
252,equal,2:2 ,3614595,2021-10-17,6574,2021,2,2 
252,equal,0:0 ,3614750,2022-01-22,410,2021,0,0 
252,Lost,0:1 ,3614910,2022-05-21,1025,2021,0,1 
252,equal,0:0 ,3614801,2022-03-06,749,2021,0,0 
252,Lost,1:3 ,3614699,2021-12-10,1038,2021,1,3 
252,Lost,0:1 ,3614730,2022-01-09,3522,2021,0,1 
252,equal,1:1 ,3614771,2022-02-13,380,2021,1,1 
252,Win,1:0 ,3614870,2022-04-24,1390,2021,1,0 
252,equal,0:0 ,3614630,2021-10-31,607,2021,0,0 
607,Lost,0:3 ,3614737,2022-01-09,5,2021,0,3 
607,Lost,0:2 ,3614676,2021-11-27,46,2021,0,2 
607,Lost,0:2 ,3614767,2022-02-06,6195,2021,0,2 
607,equal,1:1 ,3614707,2021-12-11,506,2021,1,1 
607,Lost,1:3 ,3614719,2021-12-22,398,2021,1,3 
607,Win,3:2 ,3615125,2021-11-07,12,2021,3,2 
607,Win,1:0 ,3614602,2021-10-18,430,2021,1,0 
607,Lost,1:3 ,3614877,2022-04-23,800,2021,1,3 
607,Lost,3:4 ,3614697,2021-12-05,276,2021,3,4 
607,equal,1:1 ,3614582,2021-09-27,416,2021,1,1 
607,Lost,1:4 ,3614807,2022-03-06,6574,2021,1,4 
607,Lost,1:2 ,3614847,2022-04-10,410,2021,1,2 
607,Win,4:3 ,3614897,2022-05-08,1025,2021,4,3 
607,equal,1:1 ,3614747,2022-01-16,749,2021,1,1 
607,Lost,0:2 ,3614827,2022-03-20,1038,2021,0,2 
607,Lost,1:2 ,3614560,2021-09-19,3522,2021,1,2 
607,Lost,1:2 ,3614625,2021-10-26,380,2021,1,2 
607,equal,0:0 ,3614917,2022-05-22,1390,2021,0,0 
607,equal,1:1 ,3614787,2022-02-20,252,2021,1,1 
281,equal,2:2 ,3592215,2022-04-10,31,2021,2,2 
281,Win,1:0 ,3592115,2022-01-15,631,2021,1,0 
281,Lost,2:3 ,3592107,2022-02-19,148,2021,2,3 
281,Win,5:0 ,3591995,2021-08-28,11,2021,5,0 
281,Win,4:1 ,3592145,2022-03-06,985,2021,4,1 
281,Win,2:1 ,3592099,2021-11-28,379,2021,2,1 
281,Win,6:3 ,3592208,2021-12-26,1003,2021,6,3 
281,Win,3:0 ,3592217,2022-04-20,1237,2021,3,0 
281,Win,1:0 ,3592079,2021-12-11,543,2021,1,0 
281,Win,5:0 ,3592265,2022-05-08,762,2021,5,0 
281,Lost,0:2 ,3591975,2021-10-30,873,2021,0,2 
281,Win,2:0 ,3592258,2022-02-09,1148,2021,2,0 
281,Win,3:2 ,3592250,2022-05-22,405,2021,3,2 
281,equal,0:0 ,3591965,2021-09-18,180,2021,0,0 
281,Win,3:0 ,3592035,2021-11-21,29,2021,3,0 
281,Win,7:0 ,3592060,2021-12-14,399,2021,7,0 
281,Win,2:0 ,3592016,2021-10-16,1132,2021,2,0 
281,Win,5:1 ,3592274,2022-04-23,1010,2021,5,1 
281,Win,5:0 ,3583525,2021-08-21,1123,2021,5,0 
31,equal,2:2 ,3592006,2021-10-03,281,2021,2,2 
31,equal,1:1 ,3591994,2021-08-28,631,2021,1,1 
31,equal,1:1 ,3592247,2022-05-07,148,2021,1,1 
31,Win,4:0 ,3592034,2021-11-20,11,2021,4,0 
31,Win,4:0 ,3592203,2022-04-19,985,2021,4,0 
31,Win,1:0 ,3592144,2022-03-05,379,2021,1,0 
31,Win,2:0 ,3592244,2022-02-10,1003,2021,2,0 
31,equal,2:2 ,3591974,2021-10-30,1237,2021,2,2 
31,Win,3:1 ,3592241,2022-05-22,543,2021,3,1 
31,Win,3:1 ,3592059,2021-12-16,762,2021,3,1 
31,Win,3:0 ,3591964,2021-09-18,873,2021,3,0 
31,Win,3:0 ,3592114,2022-01-16,1148,2021,3,0 
31,Win,1:0 ,3592078,2021-12-11,405,2021,1,0 
31,Win,4:0 ,3592098,2021-11-27,180,2021,4,0 
31,Win,2:0 ,3592264,2022-04-24,29,2021,2,0 
31,Win,6:0 ,3592191,2022-02-23,399,2021,6,0 
31,Win,2:0 ,3583524,2021-08-21,1132,2021,2,0 
31,Win,2:0 ,3592222,2022-04-02,1010,2021,2,0 
31,Win,3:1 ,3592106,2022-02-19,1123,2021,3,1 
631,Lost,0:1 ,3591983,2021-09-25,281,2021,0,1 
631,equal,2:2 ,3592303,2022-01-02,31,2021,2,2 
631,Win,2:0 ,3592123,2022-01-23,148,2021,2,0 
631,Lost,2:4 ,3592175,2022-04-20,11,2021,2,4 
631,equal,1:1 ,3592095,2021-11-28,985,2021,1,1 
631,Win,1:0 ,3592221,2022-04-24,379,2021,1,0 
631,equal,1:1 ,3592287,2022-05-19,1003,2021,1,1 
631,equal,1:1 ,3592188,2021-12-29,1237,2021,1,1 
631,equal,2:2 ,3592213,2022-05-07,543,2021,2,2 
631,Win,1:0 ,3592189,2022-03-13,762,2021,1,0 
631,Win,3:0 ,3583478,2021-08-14,873,2021,3,0 
631,Lost,1:4 ,3592179,2022-04-02,1148,2021,1,4 
631,Win,3:0 ,3592023,2021-09-11,405,2021,3,0 
631,Win,3:1 ,3592003,2021-10-02,180,2021,3,1 
631,equal,1:1 ,3592058,2021-12-16,29,2021,1,1 
631,Win,3:2 ,3592075,2021-12-11,399,2021,3,2 
631,equal,1:1 ,3591954,2021-11-06,1132,2021,1,1 
631,Win,2:1 ,3592205,2022-05-22,1010,2021,2,1 
631,Win,7:0 ,3592044,2021-10-23,1123,2021,7,0 
148,Win,1:0 ,3583484,2021-08-15,281,2021,1,0 
148,equal,2:2 ,3592087,2021-12-19,31,2021,2,2 
148,Lost,0:3 ,3591968,2021-09-19,631,2021,0,3 
148,Win,3:0 ,3592118,2022-05-12,11,2021,3,0 
148,Lost,0:3 ,3591978,2021-10-30,985,2021,0,3 
148,Win,3:1 ,3592254,2022-03-20,379,2021,3,1 
148,Win,3:1 ,3592257,2022-05-01,1003,2021,3,1 
148,Lost,0:1 ,3592255,2022-04-16,1237,2021,0,1 
148,Lost,0:2 ,3592256,2022-02-13,543,2021,0,2 
148,Win,5:1 ,3592251,2022-04-03,762,2021,5,1 
148,Win,3:0 ,3592253,2021-12-26,873,2021,3,0 
148,Win,2:0 ,3592140,2021-12-02,1148,2021,2,0 
148,Win,2:1 ,3592008,2021-10-03,405,2021,2,1 
148,Lost,2:3 ,3592280,2022-02-09,180,2021,2,3 
148,Win,5:0 ,3592148,2022-03-07,29,2021,5,0 
148,Win,2:1 ,3592038,2021-11-21,399,2021,2,1 
148,Win,1:0 ,3592240,2022-05-15,1132,2021,1,0 
148,Win,1:0 ,3591998,2021-08-29,1010,2021,1,0 
148,Win,3:0 ,3592067,2021-12-05,1123,2021,3,0 
11,Lost,1:2 ,3592301,2022-01-01,281,2021,1,2 
11,Lost,0:2 ,3592284,2022-03-16,31,2021,0,2 
11,Lost,0:2 ,3583519,2021-08-22,631,2021,0,2 
11,Win,3:1 ,3591981,2021-09-26,148,2021,3,1 
11,Win,3:1 ,3592170,2022-04-23,985,2021,3,1 
11,Win,2:0 ,3592051,2021-12-15,379,2021,2,0 
11,Win,2:0 ,3592155,2022-03-13,1003,2021,2,0 
11,Lost,1:2 ,3592154,2022-04-09,1237,2021,1,2 
11,Win,2:1 ,3592158,2022-02-24,543,2021,2,1 
11,Win,2:0 ,3592091,2021-11-27,762,2021,2,0 
11,equal,2:2 ,3592011,2021-10-18,873,2021,2,2 
11,Win,2:1 ,3592101,2022-02-19,1148,2021,2,1 
11,Win,3:1 ,3592041,2021-10-22,405,2021,3,1 
11,Win,3:0 ,3592071,2021-12-11,180,2021,3,0 
11,Win,5:1 ,3592161,2022-05-22,29,2021,5,1 
11,Win,2:1 ,3592160,2022-05-08,399,2021,2,1 
11,equal,0:0 ,3592121,2022-01-23,1132,2021,0,0 
11,Win,1:0 ,3591951,2021-11-07,1010,2021,1,0 
11,Win,1:0 ,3592021,2021-09-11,1123,2021,1,0 
985,Lost,0:2 ,3591958,2021-11-06,281,2021,0,2 
985,Lost,0:5 ,3592048,2021-10-24,31,2021,0,5 
985,equal,1:1 ,3592202,2022-04-28,631,2021,1,1 
985,Win,3:2 ,3592236,2022-03-12,148,2021,3,2 
985,Win,3:2 ,3592134,2021-12-02,11,2021,3,2 
985,Win,1:0 ,3592128,2022-01-22,379,2021,1,0 
985,equal,1:1 ,3592237,2022-04-02,1003,2021,1,1 
985,Win,2:0 ,3592084,2022-02-15,1237,2021,2,0 
985,Lost,0:1 ,3592308,2022-01-03,543,2021,0,1 
985,Win,4:1 ,3592028,2021-09-11,762,2021,4,1 
985,Win,1:0 ,3592064,2021-12-05,873,2021,1,0 
985,Win,3:0 ,3592219,2022-05-02,1148,2021,3,0 
985,Lost,0:1 ,3591988,2021-09-25,405,2021,0,1 
985,equal,1:1 ,3592210,2022-02-12,180,2021,1,1 
985,equal,1:1 ,3592007,2021-10-02,29,2021,1,1 
985,Win,5:1 ,3583481,2021-08-14,399,2021,5,1 
985,Win,3:1 ,3592298,2021-12-30,1132,2021,3,1 
985,equal,0:0 ,3592291,2022-02-26,1010,2021,0,0 
985,Win,3:2 ,3592218,2022-04-16,1123,2021,3,2 
379,equal,2:2 ,3592270,2022-05-15,281,2021,2,2 
379,Win,3:2 ,3591960,2021-11-07,31,2021,3,2 
379,Win,3:2 ,3592069,2021-12-04,631,2021,3,2 
379,Win,1:0 ,3592050,2021-10-24,148,2021,1,0 
379,Lost,1:2 ,3592276,2022-05-01,11,2021,1,2 
379,Lost,1:2 ,3591969,2021-09-19,985,2021,1,2 
379,Win,4:1 ,3583527,2021-08-23,1003,2021,4,1 
379,equal,1:1 ,3592136,2021-12-01,1237,2021,1,1 
379,Win,1:0 ,3592293,2022-02-27,543,2021,1,0 
379,equal,1:1 ,3592109,2022-02-19,762,2021,1,1 
379,equal,2:2 ,3591999,2021-08-28,873,2021,2,2 
379,Lost,1:2 ,3592009,2021-10-03,1148,2021,1,2 
379,Win,2:1 ,3592259,2022-03-13,405,2021,2,1 
379,Lost,2:3 ,3592263,2021-12-26,180,2021,2,3 
379,Win,2:1 ,3592262,2022-04-03,29,2021,2,1 
379,Lost,2:3 ,3592119,2022-01-16,399,2021,2,3 
379,equal,1:1 ,3592275,2022-04-17,1132,2021,1,1 
379,Win,1:0 ,3592212,2022-02-08,1010,2021,1,0 
379,Win,2:0 ,3592089,2022-01-12,1123,2021,2,0 
1003,Lost,0:1 ,3592027,2021-09-11,281,2021,0,1 
1003,Win,1:0 ,3592297,2021-12-28,31,2021,1,0 
1003,Lost,0:3 ,3592033,2021-11-20,631,2021,0,3 
1003,Lost,2:3 ,3592056,2022-01-19,148,2021,2,3 
1003,Lost,0:2 ,3591973,2021-10-30,11,2021,0,2 
1003,Win,4:2 ,3592015,2021-10-16,985,2021,4,2 
1003,equal,2:2 ,3592198,2022-02-13,379,2021,2,2 
1003,equal,1:1 ,3592127,2022-01-23,1237,2021,1,1 
1003,Win,1:0 ,3583480,2021-08-14,543,2021,1,0 
1003,Win,4:0 ,3592077,2021-12-12,762,2021,4,0 
1003,Win,2:1 ,3592199,2022-04-10,873,2021,2,1 
1003,Win,2:1 ,3592183,2022-03-20,1148,2021,2,1 
1003,equal,0:0 ,3592246,2022-04-23,405,2021,0,0 
1003,Win,4:1 ,3592224,2022-05-22,180,2021,4,1 
1003,Lost,1:2 ,3592235,2022-05-08,29,2021,1,2 
1003,Win,1:0 ,3592143,2022-03-05,399,2021,1,0 
1003,equal,2:2 ,3591987,2021-09-25,1132,2021,2,2 
1003,Win,4:2 ,3592097,2021-11-28,1010,2021,4,2 
1003,Win,3:0 ,3592307,2022-05-11,1123,2021,3,0 
1237,Lost,1:4 ,3592043,2021-10-23,281,2021,1,4 
1237,Lost,0:2 ,3592176,2022-03-12,31,2021,0,2 
1237,equal,1:1 ,3592166,2022-01-18,631,2021,1,1 
1237,Lost,0:2 ,3592073,2022-03-16,148,2021,0,2 
1237,equal,0:0 ,3592001,2021-10-02,11,2021,0,0 
1237,Win,4:0 ,3592187,2022-05-07,985,2021,4,0 
1237,Win,3:1 ,3592182,2022-05-22,379,2021,3,1 
1237,Win,2:1 ,3591962,2021-09-19,1003,2021,2,1 
1237,Lost,0:1 ,3592053,2021-12-15,543,2021,0,1 
1237,equal,1:1 ,3591953,2021-11-06,762,2021,1,1 
1237,equal,1:1 ,3592112,2022-01-14,873,2021,1,1 
1237,Win,2:0 ,3592163,2021-12-26,1148,2021,2,0 
1237,Lost,0:2 ,3592286,2022-02-26,405,2021,0,2 
1237,equal,2:2 ,3592192,2022-04-24,180,2021,2,2 
1237,Lost,0:2 ,3591992,2021-08-28,29,2021,0,2 
1237,equal,0:0 ,3592093,2021-11-27,399,2021,0,0 
1237,Lost,0:3 ,3592103,2022-02-19,1132,2021,0,3 
1237,Win,2:0 ,3583521,2021-08-21,1010,2021,2,0 
1237,equal,0:0 ,3592152,2022-04-02,1123,2021,0,0 
543,Lost,1:5 ,3592282,2022-05-11,281,2021,1,5 
543,Lost,0:1 ,3592070,2021-12-04,31,2021,0,1 
543,equal,0:0 ,3592090,2021-12-19,631,2021,0,0 
543,Lost,0:1 ,3583528,2021-08-22,148,2021,0,1 
543,Lost,0:1 ,3592228,2022-02-10,11,2021,0,1 
543,Lost,0:1 ,3592000,2021-08-29,985,2021,0,1 
543,Win,1:0 ,3592040,2021-11-20,379,2021,1,0 
543,Win,2:1 ,3592110,2022-02-20,1003,2021,2,1 
543,Lost,0:3 ,3592281,2022-04-30,1237,2021,0,3 
543,Win,2:1 ,3592010,2021-10-02,762,2021,2,1 
543,Lost,0:2 ,3592150,2022-03-05,873,2021,0,2 
543,Lost,0:2 ,3591970,2021-09-18,1148,2021,0,2 
543,Win,2:1 ,3592272,2022-04-02,405,2021,2,1 
543,Win,3:1 ,3592120,2022-01-15,180,2021,3,1 
543,Win,2:1 ,3591980,2021-11-01,29,2021,2,1 
543,Lost,2:3 ,3592271,2022-03-18,399,2021,2,3 
543,equal,0:0 ,3592137,2021-12-01,1132,2021,0,0 
543,Win,4:0 ,3592279,2022-03-10,1010,2021,4,0 
543,equal,1:1 ,3592278,2022-05-15,1123,2021,1,1 
762,Lost,0:4 ,3592085,2021-12-19,281,2021,0,4 
762,Lost,0:1 ,3592232,2022-04-30,31,2021,0,1 
762,Lost,0:3 ,3591976,2021-10-30,631,2021,0,3 
762,Lost,2:3 ,3592017,2021-10-17,148,2021,2,3 
762,Win,2:0 ,3592216,2022-05-16,11,2021,2,0 
762,equal,1:1 ,3592220,2021-12-27,985,2021,1,1 
762,Lost,2:4 ,3583482,2021-08-15,379,2021,2,4 
762,Win,2:1 ,3592231,2022-04-17,1003,2021,2,1 
762,Win,2:1 ,3592146,2022-03-05,1237,2021,2,1 
762,Win,1:0 ,3592226,2022-04-08,543,2021,1,0 
762,Win,1:0 ,3592230,2022-04-20,873,2021,1,0 
762,equal,3:3 ,3592036,2021-11-20,1148,2021,3,3 
762,Win,1:0 ,3592225,2022-02-13,405,2021,1,0 
762,equal,2:2 ,3591996,2021-08-28,180,2021,2,2 
762,Win,3:1 ,3592273,2022-02-08,29,2021,3,1 
762,equal,1:1 ,3591966,2021-09-17,399,2021,1,1 
762,Win,1:0 ,3592065,2021-12-04,1132,2021,1,0 
762,equal,1:1 ,3592116,2022-01-15,1010,2021,1,1 
762,equal,1:1 ,3592138,2021-11-30,1123,2021,1,1 
873,equal,0:0 ,3592201,2022-03-14,281,2021,0,0 
873,Lost,1:3 ,3592124,2022-01-23,31,2021,1,3 
873,Lost,0:1 ,3592104,2022-02-19,631,2021,0,1 
873,Win,3:0 ,3592024,2021-09-11,148,2021,3,0 
873,Win,3:0 ,3592194,2022-04-04,11,2021,3,0 
873,Win,1:0 ,3592214,2022-05-22,985,2021,1,0 
873,Lost,2:3 ,3592304,2022-01-01,379,2021,2,3 
873,equal,2:2 ,3592004,2021-10-03,1003,2021,2,2 
873,equal,1:1 ,3591984,2021-09-27,1237,2021,1,1 
873,Win,2:0 ,3591955,2021-11-06,543,2021,2,0 
873,equal,1:1 ,3592045,2021-10-23,762,2021,1,1 
873,equal,0:0 ,3583522,2021-08-21,1148,2021,0,0 
873,Lost,1:2 ,3592096,2021-11-27,405,2021,1,2 
873,equal,2:2 ,3592055,2021-12-15,180,2021,2,2 
873,Win,3:1 ,3592076,2021-12-12,29,2021,3,1 
873,equal,0:0 ,3592234,2022-04-25,399,2021,0,0 
873,equal,1:1 ,3592288,2022-02-26,1132,2021,1,1 
873,Win,1:0 ,3592227,2022-05-07,1010,2021,1,0 
873,Win,3:0 ,3592294,2021-12-28,1123,2021,3,0 
1148,Lost,0:1 ,3592171,2021-12-29,281,2021,0,1 
1148,equal,3:3 ,3591982,2021-09-25,31,2021,3,3 
1148,Lost,0:1 ,3592013,2021-10-16,631,2021,0,1 
1148,equal,0:0 ,3592181,2022-04-23,148,2021,0,0 
1148,Win,2:0 ,3583476,2021-08-13,11,2021,2,0 
1148,Lost,1:3 ,3592052,2022-01-19,985,2021,1,3 
1148,Win,2:0 ,3592174,2022-04-10,379,2021,2,0 
1148,Lost,1:2 ,3592042,2021-10-24,1003,2021,1,2 
1148,Lost,0:1 ,3592022,2021-09-11,1237,2021,0,1 
1148,Lost,1:2 ,3592122,2022-01-22,543,2021,1,2 
1148,Lost,0:2 ,3592285,2022-02-26,762,2021,0,2 
1148,equal,0:0 ,3592153,2022-02-12,873,2021,0,0 
1148,Win,2:1 ,3592302,2022-01-02,405,2021,2,1 
1148,Win,3:0 ,3592173,2022-05-07,180,2021,3,0 
1148,Win,1:0 ,3592092,2021-11-28,29,2021,1,0 
1148,Lost,1:2 ,3592169,2022-05-22,399,2021,1,2 
1148,Win,2:0 ,3592165,2022-03-12,1132,2021,2,0 
1148,Win,2:1 ,3592072,2021-12-10,1010,2021,2,1 
1148,Lost,1:2 ,3591952,2021-11-06,1123,2021,1,2 
405,Lost,1:2 ,3592131,2021-12-01,281,2021,1,2 
405,Lost,1:2 ,3592178,2022-05-10,31,2021,1,2 
405,Lost,1:3 ,3592151,2021-12-26,631,2021,1,3 
405,Lost,0:4 ,3592164,2022-04-09,148,2021,0,4 
405,Lost,0:1 ,3592157,2022-03-19,11,2021,0,1 
405,equal,2:2 ,3592111,2022-01-15,985,2021,2,2 
405,Lost,1:4 ,3591971,2021-10-31,379,2021,1,4 
405,Win,2:1 ,3592061,2021-12-05,1003,2021,2,1 
405,Win,2:0 ,3592031,2021-11-20,1237,2021,2,0 
405,Lost,2:3 ,3592012,2021-10-16,543,2021,2,3 
405,Win,2:0 ,3583520,2021-08-21,762,2021,2,0 
405,equal,1:1 ,3592159,2022-05-15,873,2021,1,1 
405,equal,1:1 ,3591991,2021-08-28,1148,2021,1,1 
405,Win,4:0 ,3592141,2022-03-05,180,2021,4,0 
405,Win,3:0 ,3591961,2021-09-18,29,2021,3,0 
405,equal,3:3 ,3592156,2022-02-09,399,2021,3,3 
405,equal,1:1 ,3592081,2022-05-19,1132,2021,1,1 
405,Lost,0:1 ,3592102,2022-02-19,1010,2021,0,1 
405,Win,2:0 ,3592185,2022-04-30,1123,2021,2,0 
180,equal,1:1 ,3592129,2022-01-22,281,2021,1,1 
180,Lost,1:2 ,3592229,2022-05-17,31,2021,1,2 
180,Lost,0:6 ,3592252,2022-04-09,631,2021,0,6 
180,equal,1:1 ,3592299,2021-12-28,148,2021,1,1 
180,Win,1:0 ,3592242,2022-04-16,11,2021,1,0 
180,equal,1:1 ,3583526,2021-08-22,985,2021,1,1 
180,equal,0:0 ,3592029,2021-09-11,379,2021,0,0 
180,equal,2:2 ,3592139,2021-12-01,1003,2021,2,2 
180,equal,1:1 ,3592066,2021-12-04,1237,2021,1,1 
180,Lost,0:1 ,3591989,2021-09-26,543,2021,0,1 
180,Lost,1:2 ,3592309,2022-03-10,762,2021,1,2 
180,Lost,1:2 ,3592245,2022-04-30,873,2021,1,2 
180,Win,4:1 ,3592086,2022-01-11,1148,2021,4,1 
180,Win,1:0 ,3591959,2021-11-05,405,2021,1,0 
180,Win,2:0 ,3592108,2022-02-19,29,2021,2,0 
180,Win,1:0 ,3592019,2021-10-16,399,2021,1,0 
180,equal,2:2 ,3592049,2021-10-23,1132,2021,2,2 
180,Lost,1:2 ,3592248,2022-03-13,1010,2021,1,2 
180,Win,2:0 ,3592292,2022-02-25,1123,2021,2,0 
29,Lost,0:1 ,3592289,2022-02-26,281,2021,0,1 
29,Lost,1:4 ,3592132,2021-12-01,31,2021,1,4 
29,Win,1:0 ,3592197,2022-05-01,631,2021,1,0 
29,equal,0:0 ,3591956,2021-11-07,148,2021,0,0 
29,Win,2:1 ,3592062,2021-12-06,11,2021,2,1 
29,Win,1:0 ,3592186,2022-04-09,985,2021,1,0 
29,Lost,0:1 ,3592014,2021-10-17,379,2021,0,1 
29,equal,1:1 ,3592082,2022-04-20,1003,2021,1,1 
29,Lost,2:3 ,3592305,2022-01-02,1237,2021,2,3 
29,Lost,0:1 ,3592211,2022-03-13,543,2021,0,1 
29,Win,1:0 ,3592295,2022-03-17,762,2021,1,0 
29,Win,3:2 ,3592193,2022-05-19,873,2021,3,2 
29,Lost,2:3 ,3592172,2022-05-15,1148,2021,2,3 
29,Lost,0:1 ,3592125,2022-01-22,405,2021,0,1 
29,Win,3:1 ,3583479,2021-08-14,180,2021,3,1 
29,Win,3:0 ,3592190,2022-02-12,399,2021,3,0 
29,Win,3:1 ,3592025,2021-09-13,1132,2021,3,1 
29,Lost,2:5 ,3592046,2021-10-23,1010,2021,2,5 
29,Win,2:0 ,3591985,2021-09-25,1123,2021,2,0 
399,Lost,0:4 ,3592209,2022-04-30,281,2021,0,4 
399,Lost,0:3 ,3592026,2021-09-12,31,2021,0,3 
399,Lost,0:3 ,3592206,2022-05-11,631,2021,0,3 
399,Lost,0:4 ,3592290,2022-02-26,148,2021,0,4 
399,Lost,1:4 ,3592083,2021-12-18,11,2021,1,4 
399,Lost,2:4 ,3592105,2022-02-20,985,2021,2,4 
399,Lost,1:2 ,3591986,2021-09-25,379,2021,1,2 
399,equal,1:1 ,3591957,2021-11-07,1003,2021,1,1 
399,equal,1:1 ,3592184,2022-05-15,1237,2021,1,1 
399,equal,1:1 ,3592047,2021-10-23,543,2021,1,1 
399,Lost,0:1 ,3592126,2022-01-22,762,2021,0,1 
399,Win,1:0 ,3592133,2021-11-30,873,2021,1,0 
399,equal,2:2 ,3592063,2021-12-05,1148,2021,2,2 
399,Lost,0:3 ,3592296,2022-03-10,405,2021,0,3 
399,equal,1:1 ,3592207,2022-04-02,180,2021,1,1 
399,equal,2:2 ,3583523,2021-08-21,29,2021,2,2 
399,Win,3:1 ,3592306,2022-01-02,1132,2021,3,1 
399,Win,1:0 ,3592005,2021-10-02,1010,2021,1,0 
399,Win,2:1 ,3592223,2022-03-13,1123,2021,2,1 
1132,Lost,0:2 ,3592167,2022-04-02,281,2021,0,2 
1132,Lost,0:1 ,3592162,2022-02-13,31,2021,0,1 
1132,Lost,0:4 ,3592142,2022-03-05,631,2021,0,4 
1132,Win,1:0 ,3592094,2022-02-23,148,2021,1,0 
1132,Lost,0:1 ,3591963,2021-09-18,11,2021,0,1 
1132,equal,1:1 ,3592180,2022-02-08,985,2021,1,1 
1132,equal,0:0 ,3592074,2021-12-12,379,2021,0,0 
1132,Lost,0:2 ,3592113,2022-03-01,1003,2021,0,2 
1132,Lost,1:2 ,3583477,2021-08-14,1237,2021,1,2 
1132,Win,1:0 ,3592204,2022-04-24,543,2021,1,0 
1132,Lost,1:2 ,3592195,2022-05-22,762,2021,1,2 
1132,equal,3:3 ,3592032,2021-11-20,873,2021,3,3 
1132,Win,3:1 ,3591972,2021-10-30,1148,2021,3,1 
1132,Lost,1:3 ,3592200,2022-05-07,405,2021,1,3 
1132,Win,2:0 ,3592168,2022-04-21,180,2021,2,0 
1132,Win,3:2 ,3592177,2022-04-06,29,2021,3,2 
1132,equal,1:1 ,3591993,2021-08-29,399,2021,1,1 
1132,equal,0:0 ,3592054,2022-02-05,1010,2021,0,0 
1132,equal,0:0 ,3592002,2021-10-02,1123,2021,0,0 
1010,Lost,1:3 ,3592068,2021-12-04,281,2021,1,3 
1010,Lost,0:5 ,3592020,2021-10-16,31,2021,0,5 
1010,Lost,1:2 ,3592135,2021-12-01,631,2021,1,2 
1010,Lost,0:1 ,3592310,2022-01-01,148,2021,0,1 
1010,Lost,2:3 ,3592149,2022-03-06,11,2021,2,3 
1010,Win,4:1 ,3592039,2021-11-20,985,2021,4,1 
1010,Lost,1:4 ,3592300,2021-12-28,379,2021,1,4 
1010,Lost,1:5 ,3592249,2022-05-15,1003,2021,1,5 
1010,Lost,0:2 ,3592266,2022-02-12,1237,2021,0,2 
1010,Lost,0:2 ,3592030,2021-09-11,543,2021,0,2 
1010,equal,1:1 ,3591990,2021-09-25,762,2021,1,1 
1010,Lost,1:4 ,3592088,2022-02-23,873,2021,1,4 
1010,Lost,1:2 ,3592267,2022-04-16,1148,2021,1,2 
1010,Win,3:2 ,3583485,2021-08-14,405,2021,3,2 
1010,Lost,0:1 ,3591979,2021-10-30,180,2021,0,1 
1010,equal,0:0 ,3592261,2022-05-11,29,2021,0,0 
1010,Lost,0:3 ,3592268,2022-04-09,399,2021,0,3 
1010,Lost,1:2 ,3592269,2022-04-30,1132,2021,1,2 
1010,Lost,0:3 ,3592130,2022-01-21,1123,2021,0,3 
1123,Lost,0:4 ,3592239,2022-02-12,281,2021,0,4 
1123,Lost,0:3 ,3583483,2021-08-14,31,2021,0,3 
1123,Lost,1:3 ,3592243,2022-03-10,631,2021,1,3 
1123,Lost,0:5 ,3592260,2022-05-22,148,2021,0,5 
1123,Lost,0:5 ,3592233,2021-12-26,11,2021,0,5 
1123,Lost,0:1 ,3592080,2021-12-11,985,2021,0,1 
1123,Lost,0:4 ,3592277,2022-05-08,379,2021,0,4 
1123,Lost,1:2 ,3591997,2021-08-28,1003,2021,1,2 
1123,equal,0:0 ,3592018,2021-10-16,1237,2021,0,0 
1123,equal,0:0 ,3592100,2021-11-27,543,2021,0,0 
1123,Lost,0:3 ,3592283,2022-04-23,762,2021,0,3 
1123,equal,1:1 ,3592196,2022-02-09,873,2021,1,1 
1123,Lost,1:3 ,3592147,2022-03-05,1148,2021,1,3 
1123,Lost,0:2 ,3592057,2021-12-14,405,2021,0,2 
1123,Win,2:1 ,3592037,2021-11-20,180,2021,2,1 
1123,Win,2:1 ,3592117,2022-01-15,29,2021,2,1 
1123,Lost,1:2 ,3591977,2021-10-31,399,2021,1,2 
1123,Win,2:0 ,3592238,2022-04-10,1132,2021,2,0 
1123,Lost,1:3 ,3591967,2021-09-18,1010,2021,1,3 
27,equal,1:1 ,3588156,2021-08-21,10,2021,1,1 
27,Win,3:1 ,3588607,2022-04-23,16,2021,3,1 
27,equal,1:1 ,3588508,2022-03-05,15,2021,1,1 
27,Win,3:2 ,3588454,2022-02-05,23826,2021,3,2 
27,Win,4:0 ,3588544,2022-03-19,89,2021,4,0 
27,Win,2:1 ,3588283,2021-11-06,60,2021,2,1 
27,Win,3:2 ,3588148,2021-08-22,3,2021,3,2 
27,Win,2:1 ,3588346,2021-12-11,39,2021,2,1 
27,Win,4:0 ,3588256,2021-10-23,533,2021,4,0 
27,Lost,1:2 ,3588400,2022-01-07,18,2021,1,2 
27,Lost,1:2 ,3588220,2021-10-03,24,2021,1,2 
27,Win,4:0 ,3588382,2021-12-17,82,2021,4,0 
27,Win,7:0 ,3588193,2021-09-18,80,2021,7,0 
27,Win,1:0 ,3588580,2022-04-09,167,2021,1,0 
27,equal,2:2 ,3588649,2022-05-08,79,2021,2,2 
27,Win,5:0 ,3588166,2021-08-28,44,2021,5,0 
27,Win,1:0 ,3588319,2021-11-27,10,2021,1,0 
27,Win,4:1 ,3588481,2022-02-20,65,2021,4,1 
16,Lost,2:3 ,3588337,2021-12-04,27,2021,2,3 
16,Lost,2:5 ,3588455,2022-02-06,15,2021,2,5 
16,Lost,1:4 ,3588562,2022-04-02,23826,2021,1,4 
16,Win,4:2 ,3588194,2021-09-19,89,2021,4,2 
16,Win,5:1 ,3588418,2022-01-14,60,2021,5,1 
16,Win,2:0 ,3588274,2021-10-30,3,2021,2,0 
16,Win,3:1 ,3588238,2021-10-16,39,2021,3,1 
16,Win,3:2 ,3588167,2021-08-27,533,2021,3,2 
16,Win,6:0 ,3588482,2022-02-20,18,2021,6,0 
16,Win,5:2 ,3588140,2021-08-14,24,2021,5,2 
16,Win,6:1 ,3588589,2022-04-16,82,2021,6,1 
16,Lost,3:4 ,3588625,2022-04-30,80,2021,3,4 
16,Win,2:1 ,3588222,2021-10-02,167,2021,2,1 
16,Win,2:1 ,3588301,2021-11-20,79,2021,2,1 
16,Win,2:1 ,3588667,2022-05-14,44,2021,2,1 
16,Win,1:0 ,3588526,2022-03-13,10,2021,1,0 
16,Win,3:0 ,3588373,2021-12-15,65,2021,3,0 
15,Lost,1:5 ,3588240,2021-10-17,27,2021,1,5 
15,Lost,3:4 ,3588177,2021-09-11,16,2021,3,4 
15,Lost,0:1 ,3588590,2022-04-17,23826,2021,0,1 
15,equal,2:2 ,3588403,2022-01-08,89,2021,2,2 
15,Win,2:1 ,3588669,2022-05-14,60,2021,2,1 
15,Lost,0:1 ,3588528,2022-03-13,3,2021,0,1 
15,Win,1:0 ,3588213,2021-09-25,39,2021,1,0 
15,equal,2:2 ,3588375,2021-12-15,533,2021,2,2 
15,Win,4:0 ,3588151,2021-08-21,18,2021,4,0 
15,Win,2:0 ,3588626,2022-05-02,24,2021,2,0 
15,Lost,0:2 ,3588276,2021-10-30,82,2021,0,2 
15,Win,1:0 ,3588302,2021-11-20,80,2021,1,0 
15,Win,5:1 ,3588438,2022-01-22,167,2021,5,1 
15,Win,4:2 ,3588465,2022-02-12,79,2021,4,2 
15,Win,2:1 ,3588564,2022-04-02,44,2021,2,1 
15,Win,3:0 ,3588491,2022-02-26,10,2021,3,0 
15,Win,7:1 ,3588338,2021-12-04,65,2021,7,1 
23826,Lost,1:4 ,3588175,2021-09-11,27,2021,1,4 
23826,Win,2:1 ,3588284,2021-11-06,16,2021,2,1 
23826,Lost,1:3 ,3588320,2021-11-28,15,2021,1,3 
23826,Lost,1:2 ,3588608,2022-04-23,89,2021,1,2 
23826,equal,1:1 ,3588509,2022-03-05,60,2021,1,1 
23826,Win,3:1 ,3588463,2022-02-11,3,2021,3,1 
23826,Win,4:1 ,3588401,2022-01-08,39,2021,4,1 
23826,Win,3:0 ,3588581,2022-04-10,533,2021,3,0 
23826,Win,4:1 ,3588347,2021-12-11,18,2021,4,1 
23826,equal,0:0 ,3588545,2022-03-20,24,2021,0,0 
23826,Win,2:0 ,3588436,2022-01-23,82,2021,2,0 
23826,Win,3:0 ,3588221,2021-10-02,80,2021,3,0 
23826,Win,4:0 ,3588650,2022-05-08,167,2021,4,0 
23826,Win,4:0 ,3588149,2021-08-20,79,2021,4,0 
23826,Win,6:0 ,3588211,2021-09-25,44,2021,6,0 
23826,Lost,0:2 ,3588383,2021-12-18,10,2021,0,2 
23826,Win,4:1 ,3588257,2021-10-23,65,2021,4,1 
89,Lost,2:5 ,3588277,2021-10-30,27,2021,2,5 
89,Lost,0:3 ,3588466,2022-02-13,16,2021,0,3 
89,equal,1:1 ,3588142,2021-08-14,15,2021,1,1 
89,Win,2:1 ,3588339,2021-12-03,23826,2021,2,1 
89,equal,0:0 ,3588376,2021-12-15,60,2021,0,0 
89,Win,1:0 ,3588565,2022-04-01,3,2021,1,0 
89,Win,3:1 ,3588492,2022-02-26,39,2021,3,1 
89,Win,2:1 ,3588420,2022-01-15,533,2021,2,1 
89,Win,2:1 ,3588169,2021-08-29,18,2021,2,1 
89,Win,2:0 ,3588591,2022-04-17,24,2021,2,0 
89,Win,2:0 ,3588241,2021-10-16,82,2021,2,0 
89,Win,3:2 ,3588670,2022-05-14,80,2021,3,2 
89,equal,0:0 ,3588178,2021-09-11,167,2021,0,0 
89,equal,1:1 ,3588529,2022-03-12,79,2021,1,1 
89,Win,2:0 ,3588303,2021-11-20,44,2021,2,0 
89,Win,1:0 ,3588214,2021-09-25,10,2021,1,0 
89,equal,1:1 ,3588627,2022-04-29,65,2021,1,1 
60,Lost,1:4 ,3588567,2022-04-02,27,2021,1,4 
60,Win,2:1 ,3588152,2021-08-21,16,2021,2,1 
60,Win,2:1 ,3588385,2021-12-19,15,2021,2,1 
60,equal,1:1 ,3588243,2021-10-16,23826,2021,1,1 
60,Lost,1:4 ,3588652,2022-05-07,89,2021,1,4 
60,equal,1:1 ,3588180,2021-09-11,3,2021,1,1 
60,equal,1:1 ,3588468,2022-02-12,39,2021,1,1 
60,Lost,1:2 ,3588350,2021-12-11,533,2021,1,2 
60,equal,3:3 ,3588611,2022-04-23,18,2021,3,3 
60,Lost,0:2 ,3588305,2021-11-21,24,2021,0,2 
60,Win,3:2 ,3588531,2022-03-12,82,2021,3,2 
60,Win,3:0 ,3588593,2022-04-16,80,2021,3,0 
60,Win,3:0 ,3588216,2021-09-26,167,2021,3,0 
60,Win,2:0 ,3588440,2022-01-22,79,2021,2,0 
60,Win,3:0 ,3588494,2022-02-26,44,2021,3,0 
60,equal,2:2 ,3588404,2022-01-08,10,2021,2,2 
60,Win,3:1 ,3588279,2021-10-30,65,2021,3,1 
3,Lost,0:4 ,3588426,2022-01-15,27,2021,0,4 
3,equal,1:1 ,3588550,2022-03-20,16,2021,1,1 
3,equal,2:2 ,3588263,2021-10-24,15,2021,2,2 
3,equal,1:1 ,3588201,2021-09-18,23826,2021,1,1 
3,equal,2:2 ,3588289,2021-11-07,89,2021,2,2 
3,Win,1:0 ,3588462,2022-02-05,60,2021,1,0 
3,Win,3:2 ,3588586,2022-04-09,39,2021,3,2 
3,Lost,0:1 ,3588515,2022-03-06,533,2021,0,1 
3,Win,4:1 ,3588325,2021-11-27,18,2021,4,1 
3,Win,1:0 ,3588489,2022-02-19,24,2021,1,0 
3,Lost,0:1 ,3588655,2022-05-07,82,2021,0,1 
3,Win,2:1 ,3588174,2021-08-28,80,2021,2,1 
3,Lost,0:2 ,3588352,2021-12-10,167,2021,0,2 
3,Win,1:0 ,3588388,2021-12-19,79,2021,1,0 
3,Win,3:1 ,3588147,2021-08-15,44,2021,3,1 
3,Win,3:1 ,3588613,2022-04-23,10,2021,3,1 
3,Win,3:1 ,3588228,2021-10-01,65,2021,3,1 
39,Win,3:1 ,3588631,2022-04-30,27,2021,3,1 
39,Lost,0:1 ,3588512,2022-03-16,16,2021,0,1 
39,Win,3:2 ,3588485,2022-02-18,15,2021,3,2 
39,Win,1:0 ,3588144,2021-08-15,23826,2021,1,0 
39,Lost,1:2 ,3588225,2021-10-03,89,2021,1,2 
39,equal,0:0 ,3588197,2021-09-18,60,2021,0,0 
39,equal,1:1 ,3588307,2021-11-21,3,2021,1,1 
39,Win,2:0 ,3588458,2022-02-05,533,2021,2,0 
39,equal,1:1 ,3588287,2021-11-05,18,2021,1,1 
39,equal,2:2 ,3588673,2022-05-14,24,2021,2,2 
39,Win,3:0 ,3588343,2021-12-04,82,2021,3,0 
39,Win,1:0 ,3588423,2022-01-15,80,2021,1,0 
39,Win,4:1 ,3588260,2021-10-22,167,2021,4,1 
39,equal,0:0 ,3588595,2022-04-16,79,2021,0,0 
39,Win,4:0 ,3588379,2021-12-14,44,2021,4,0 
39,Win,4:0 ,3588548,2022-03-19,10,2021,4,0 
39,Win,3:0 ,3588171,2021-08-28,65,2021,3,0 
533,equal,1:1 ,3588532,2022-03-12,27,2021,1,1 
533,Lost,2:3 ,3588441,2022-01-22,16,2021,2,3 
533,Lost,2:4 ,3588653,2022-05-07,15,2021,2,4 
533,Win,2:0 ,3588306,2021-11-20,23826,2021,2,0 
533,equal,2:2 ,3588153,2021-08-22,89,2021,2,2 
533,Lost,3:4 ,3588630,2022-04-30,60,2021,3,4 
533,Win,5:0 ,3588244,2021-10-15,3,2021,5,0 
533,Lost,0:2 ,3588181,2021-09-11,39,2021,0,2 
533,equal,1:1 ,3588386,2021-12-18,18,2021,1,1 
533,Win,3:2 ,3588342,2021-12-04,24,2021,3,2 
533,Win,3:1 ,3588217,2021-09-25,82,2021,3,1 
533,Lost,1:2 ,3588568,2022-04-02,80,2021,1,2 
533,Win,3:1 ,3588405,2022-01-08,167,2021,3,1 
533,Win,2:1 ,3588495,2022-02-25,79,2021,2,1 
533,Win,2:0 ,3588280,2021-10-29,44,2021,2,0 
533,Win,2:0 ,3588469,2022-02-13,10,2021,2,0 
533,equal,0:0 ,3588594,2022-04-17,65,2021,0,0 
18,equal,1:1 ,3588139,2021-08-13,27,2021,1,1 
18,Win,1:0 ,3588215,2021-09-25,16,2021,1,0 
18,Lost,1:2 ,3588421,2022-01-15,15,2021,1,2 
18,Win,3:1 ,3588628,2022-05-02,23826,2021,3,1 
18,Lost,1:2 ,3588439,2022-01-22,89,2021,1,2 
18,Lost,0:6 ,3588340,2021-12-05,60,2021,0,6 
18,Lost,1:3 ,3588592,2022-04-16,3,2021,1,3 
18,equal,1:1 ,3588566,2022-04-03,39,2021,1,1 
18,Win,5:1 ,3588671,2022-05-14,533,2021,5,1 
18,Lost,2:3 ,3588377,2021-12-15,24,2021,2,3 
18,equal,2:2 ,3588493,2022-02-26,82,2021,2,2 
18,Win,2:1 ,3588278,2021-10-31,80,2021,2,1 
18,Win,3:2 ,3588467,2022-02-12,167,2021,3,2 
18,equal,1:1 ,3588242,2021-10-16,79,2021,1,1 
18,Win,2:0 ,3588530,2022-03-12,44,2021,2,0 
18,Win,3:1 ,3588179,2021-09-12,10,2021,3,1 
18,Win,4:0 ,3588304,2021-11-20,65,2021,4,0 
24,Lost,0:1 ,3588490,2022-02-26,27,2021,0,1 
24,Lost,2:3 ,3588402,2022-01-08,16,2021,2,3 
24,Win,5:2 ,3588349,2021-12-12,15,2021,5,2 
24,equal,1:1 ,3588275,2021-10-30,23826,2021,1,1 
24,Win,2:1 ,3588322,2021-11-28,89,2021,2,1 
24,Lost,1:2 ,3588583,2022-04-10,60,2021,1,2 
24,equal,1:1 ,3588212,2021-09-25,3,2021,1,1 
24,Win,1:0 ,3588384,2021-12-18,39,2021,1,0 
24,equal,2:2 ,3588610,2022-04-23,533,2021,2,2 
24,equal,1:1 ,3588651,2022-05-08,18,2021,1,1 
24,Lost,0:2 ,3588464,2022-02-12,82,2021,0,2 
24,Win,2:1 ,3588527,2022-03-13,80,2021,2,1 
24,equal,0:0 ,3588150,2021-08-21,167,2021,0,0 
24,equal,1:1 ,3588176,2021-09-12,79,2021,1,1 
24,Lost,1:2 ,3588239,2021-10-16,44,2021,1,2 
24,Lost,0:2 ,3588437,2022-01-21,10,2021,0,2 
24,equal,0:0 ,3588563,2022-04-02,65,2021,0,0 
82,equal,2:2 ,3588668,2022-05-14,27,2021,2,2 
82,Lost,1:3 ,3588321,2021-11-27,16,2021,1,3 
82,Lost,0:2 ,3588546,2022-03-20,15,2021,0,2 
82,Win,1:0 ,3588168,2021-08-29,23826,2021,1,0 
82,Win,1:0 ,3588510,2022-03-05,89,2021,1,0 
82,Lost,0:2 ,3588258,2021-10-23,60,2021,0,2 
82,Lost,2:3 ,3588374,2021-12-14,3,2021,2,3 
82,Win,5:0 ,3588609,2022-04-22,39,2021,5,0 
82,Lost,1:2 ,3588483,2022-02-19,533,2021,1,2 
82,Lost,1:3 ,3588223,2021-10-02,18,2021,1,3 
82,equal,1:1 ,3588195,2021-09-19,24,2021,1,1 
82,Win,1:0 ,3588141,2021-08-14,80,2021,1,0 
82,Win,1:0 ,3588285,2021-11-06,167,2021,1,0 
82,Lost,0:2 ,3588348,2021-12-11,79,2021,0,2 
82,equal,0:0 ,3588419,2022-01-15,44,2021,0,0 
82,Win,4:0 ,3588582,2022-04-09,10,2021,4,0 
82,Win,4:1 ,3588456,2022-02-06,65,2021,4,1 
80,Win,4:2 ,3588470,2022-02-12,27,2021,4,2 
80,equal,1:1 ,3588353,2021-12-11,16,2021,1,1 
80,equal,0:0 ,3588587,2022-04-10,15,2021,0,0 
80,Lost,0:1 ,3588497,2022-02-27,23826,2021,0,1 
80,Lost,0:1 ,3588389,2021-12-18,89,2021,0,1 
80,Win,2:1 ,3588326,2021-11-27,60,2021,2,1 
80,equal,2:2 ,3588443,2022-01-22,3,2021,2,2 
80,Win,2:0 ,3588155,2021-08-21,39,2021,2,0 
80,Win,2:0 ,3588290,2021-11-06,533,2021,2,0 
80,Lost,0:2 ,3588551,2022-03-18,18,2021,0,2 
80,Win,2:0 ,3588264,2021-10-24,24,2021,2,0 
80,Win,1:0 ,3588407,2022-01-09,82,2021,1,0 
80,Lost,0:2 ,3588614,2022-04-24,167,2021,0,2 
80,equal,0:0 ,3588218,2021-09-26,79,2021,0,0 
80,Lost,1:3 ,3588182,2021-09-12,44,2021,1,3 
80,Win,2:1 ,3588656,2022-05-06,10,2021,2,1 
80,Win,2:1 ,3588516,2022-03-05,65,2021,2,1 
167,Win,2:1 ,3588308,2021-11-19,27,2021,2,1 
167,equal,1:1 ,3588496,2022-02-27,16,2021,1,1 
167,Lost,1:4 ,3588172,2021-08-28,15,2021,1,4 
167,equal,1:1 ,3588380,2021-12-15,23826,2021,1,1 
167,Win,2:0 ,3588459,2022-02-05,89,2021,2,0 
167,Lost,1:2 ,3588486,2022-02-19,60,2021,1,2 
167,Lost,1:4 ,3588632,2022-04-30,3,2021,1,4 
167,Win,2:1 ,3588533,2022-04-06,39,2021,2,1 
167,Lost,0:4 ,3588145,2021-08-14,533,2021,0,4 
167,Win,1:0 ,3588198,2021-09-18,18,2021,1,0 
167,equal,1:1 ,3588424,2022-01-16,24,2021,1,1 
167,Win,3:0 ,3588569,2022-04-03,82,2021,3,0 
167,Lost,2:3 ,3588344,2021-12-04,80,2021,2,3 
167,Win,4:1 ,3588281,2021-10-31,79,2021,4,1 
167,Lost,0:1 ,3588596,2022-04-16,44,2021,0,1 
167,equal,1:1 ,3588245,2021-10-17,10,2021,1,1 
167,Win,2:1 ,3588674,2022-05-14,65,2021,2,1 
79,Lost,0:5 ,3588378,2021-12-14,27,2021,0,5 
79,Lost,0:2 ,3588584,2022-04-08,16,2021,0,2 
79,Lost,1:3 ,3588196,2021-09-19,15,2021,1,3 
79,Lost,0:2 ,3588422,2022-01-15,23826,2021,0,2 
79,equal,1:1 ,3588259,2021-10-24,89,2021,1,1 
79,Lost,2:3 ,3588170,2021-08-28,60,2021,2,3 
79,Win,2:1 ,3588672,2022-05-14,3,2021,2,1 
79,Win,2:1 ,3588323,2021-11-26,39,2021,2,1 
79,Win,3:1 ,3588224,2021-10-02,533,2021,3,1 
79,Win,3:2 ,3588511,2022-03-05,18,2021,3,2 
79,Lost,2:3 ,3588457,2022-02-05,24,2021,2,3 
79,equal,1:1 ,3588629,2022-04-30,82,2021,1,1 
79,equal,1:1 ,3588484,2022-02-19,80,2021,1,1 
79,Win,3:2 ,3588547,2022-03-19,167,2021,3,2 
79,equal,2:2 ,3588341,2021-12-05,44,2021,2,2 
79,Lost,0:1 ,3588286,2021-11-06,10,2021,0,1 
79,Win,5:1 ,3588143,2021-08-14,65,2021,5,1 
44,Lost,1:4 ,3588442,2022-01-23,27,2021,1,4 
44,Win,3:2 ,3588387,2021-12-18,16,2021,3,2 
44,equal,1:1 ,3588288,2021-11-07,15,2021,1,1 
44,Lost,1:6 ,3588487,2022-02-20,23826,2021,1,6 
44,Lost,1:4 ,3588585,2022-04-09,89,2021,1,4 
44,Lost,1:2 ,3588226,2021-10-02,60,2021,1,2 
44,Lost,1:3 ,3588406,2022-01-09,3,2021,1,3 
44,Lost,1:2 ,3588654,2022-05-07,39,2021,1,2 
44,Win,3:0 ,3588549,2022-03-19,533,2021,3,0 
44,Win,1:0 ,3588261,2021-10-23,18,2021,1,0 
44,Lost,1:4 ,3588513,2022-03-05,24,2021,1,4 
44,Lost,1:2 ,3588154,2021-08-21,82,2021,1,2 
44,equal,1:1 ,3588460,2022-02-04,80,2021,1,1 
44,equal,1:1 ,3588324,2021-11-27,167,2021,1,1 
44,Win,2:0 ,3588612,2022-04-24,79,2021,2,0 
44,Win,2:0 ,3588351,2021-12-11,10,2021,2,0 
44,Win,2:1 ,3588199,2021-09-17,65,2021,2,1 
10,Lost,0:3 ,3588597,2022-04-17,27,2021,0,3 
10,Lost,1:3 ,3588262,2021-10-23,16,2021,1,3 
10,Lost,0:4 ,3588227,2021-10-03,15,2021,0,4 
10,equal,1:1 ,3588675,2022-05-14,23826,2021,1,1 
10,Win,1:0 ,3588488,2022-02-19,89,2021,1,0 
10,equal,0:0 ,3588146,2021-08-14,60,2021,0,0 
10,equal,1:1 ,3588345,2021-12-04,3,2021,1,1 
10,Lost,1:2 ,3588282,2021-10-30,39,2021,1,2 
10,equal,0:0 ,3588200,2021-09-18,533,2021,0,0 
10,equal,1:1 ,3588461,2022-02-05,18,2021,1,1 
10,equal,1:1 ,3588173,2021-08-28,24,2021,1,1 
10,equal,2:2 ,3588309,2021-11-20,82,2021,2,2 
10,Win,2:0 ,3588381,2021-12-14,80,2021,2,0 
10,Lost,0:1 ,3588514,2022-03-04,167,2021,0,1 
10,equal,1:1 ,3588570,2022-04-02,79,2021,1,1 
10,equal,1:1 ,3588633,2022-04-30,44,2021,1,1 
10,equal,2:2 ,3588425,2022-01-16,65,2021,2,2 
65,Lost,1:3 ,3588219,2021-09-24,27,2021,1,3 
65,Lost,1:3 ,3588657,2022-05-07,16,2021,1,3 
65,Lost,1:4 ,3588615,2022-04-23,15,2021,1,4 
65,Lost,1:6 ,3588534,2022-03-13,23826,2021,1,6 
65,Win,1:0 ,3588354,2021-12-12,89,2021,1,0 
65,equal,0:0 ,3588552,2022-03-19,60,2021,0,0 
65,equal,1:1 ,3588498,2022-02-26,3,2021,1,1 
65,Win,2:1 ,3588444,2022-01-22,39,2021,2,1 
65,Lost,3:6 ,3588327,2021-11-27,533,2021,3,6 
65,Lost,0:2 ,3588588,2022-04-09,18,2021,0,2 
65,Lost,1:2 ,3588291,2021-11-07,24,2021,1,2 
65,Lost,0:2 ,3588183,2021-09-11,82,2021,0,2 
65,Lost,0:1 ,3588246,2021-10-16,80,2021,0,1 
65,equal,0:0 ,3588390,2021-12-18,167,2021,0,0 
65,equal,0:0 ,3588408,2022-01-08,79,2021,0,0 
65,Win,2:1 ,3588471,2022-02-12,44,2021,2,1 
65,equal,1:1 ,3588156,2021-08-21,10,2021,1,1 
