id,Season,income,expend,overall_balance,ARRIVALS,DEPARTURES,League name,Average age of players,Total market value
631,2015,87490000.0,96500000.0,-9010000.0,32,37,Premier League,25.5,1020000000.0
281,2015,67440000.0,208470000.0,-141030000.0,23,20,Premier League,26.8,1050000000.0
11,2015,2500000.0,26500000.0,-24000000.0,11,13,Premier League,25.2,890000000.0
985,2015,100670000.0,156000000.0,-55330000.0,20,22,Premier League,26.0,795700000.0
31,2015,90550000.0,126500000.0,-35950000.0,24,23,Premier League,26.7,879000000.0
148,2015,87250000.0,71000000.0,16250000.0,21,11,Premier League,26.7,680300000.0
29,2015,11000000.0,48200000.0,-37200000.0,15,14,Premier League,27.4,352900000.0
180,2015,52700000.0,60100000.0,-7400000.0,16,15,Premier League,25.5,397000000.0
379,2015,18520000.0,52700000.0,-34190000.0,24,21,Premier League,28.2,451500000.0
762,2015,5630000.0,107910000.0,-102280000.0,20,24,Premier League,27.4,494300000.0
1003,2015,9450000.0,49900000.0,-40450000.0,26,21,Premier League,27.0,443100000.0
512,2015,23200000.0,53650000.0,-30450000.0,14,13,Championship,26.7,52250000.0
2288,2015,16810000.0,21810000.0,-5010000.0,23,18,Championship,24.8,44750000.0
1010,2015,9750000.0,82800000.0,-73050000.0,27,31,Championship,26.3,129550000.00000001
873,2015,5400000.0,28800000.0,-23400000.0,19,16,Premier League,27.0,309950000.0
405,2015,64700000.0,66550000.0,-1850000.0,27,26,Premier League,27.2,437000000.0
1123,2015,21490000.0,50500000.0,-29010000.0,25,28,Championship,26.0,104600000.0
984,2015,12920000.0,42900000.0,-29980000.0,13,11,Championship,27.8,63950000.0
289,2015,11000000.0,66050000.0,-55050000.0,24,26,Championship,23.5,59250000.0
989,2015,650000.0,55110000.0,-54460000.0,28,30,Premier League,26.6,243700000.0
631,2016,108900000.0,132800000.00000001,-23900000.0,29,27,Premier League,25.5,1020000000.0
281,2016,35350000.0,216250000.0,-180900000.0,23,29,Premier League,26.8,1050000000.0
148,2016,52300000.0,83500000.0,-31200000.0,8,8,Premier League,26.7,680300000.0
11,2016,10350000.0,113000000.0,-102650000.0,12,11,Premier League,25.2,890000000.0
985,2016,47250000.0,185000000.0,-137750000.0,14,9,Premier League,26.0,795700000.0
31,2016,85380000.0,79900000.0,5480000.0,18,20,Premier League,26.7,879000000.0
29,2016,60800000.0,86000000.0,-25200000.0,19,18,Premier League,27.4,352900000.0
379,2016,41000000.0,83500000.0,-42500000.0,15,22,Premier League,28.2,451500000.0
180,2016,85050000.0,68900000.0,16149999.999999998,9,12,Premier League,25.5,397000000.0
873,2016,50200000.0,101200000.0,-51000000.0,21,18,Premier League,27.0,309950000.0
1003,2016,66050000.0,92100000.0,-26050000.0,17,15,Premier League,27.0,443100000.0
512,2016,3800000.0,42170000.0,-38370000.0,12,11,Championship,26.7,52250000.0
1010,2016,58100000.0,70450000.0,-12350000.0,30,28,Championship,26.3,129550000.00000001
2288,2016,49300000.0,58100000.0,-8800000.0,16,20,Championship,24.8,44750000.0
3008,2016,28900000.0,40000000.0,-11100000.0,16,22,Championship,25.0,59200000.0
289,2016,23770000.0,41900000.0,-18130000.0,23,25,Championship,23.5,59250000.0
989,2016,23690000.0,40690000.0,-17000000.0,26,17,Premier League,26.6,243700000.0
641,2016,13500000.0,47950000.0,-34450000.0,19,18,Championship,26.1,81550000.0
984,2016,26980000.0,37900000.0,-10930000.0,14,12,Championship,27.8,63950000.0
1132,2016,1200000.0,45600000.0,-44400000.0,21,22,Championship,25.1,131550000.00000001
281,2017,91350000.0,317500000.0,-226150000.0,30,29,Premier League,26.8,1050000000.0
631,2017,194600000.0,260500000.0,-65900000.00000001,29,36,Premier League,25.5,1020000000.0
31,2017,184500000.0,173650000.0,10850000.0,15,13,Premier League,26.7,879000000.0
985,2017,45500000.0,198400000.0,-152900000.0,11,13,Premier League,26.0,795700000.0
148,2017,103800000.0,121000000.0,-17200000.0,10,13,Premier League,26.7,680300000.0
11,2017,162000000.0,152850000.0,9150000.0,16,10,Premier League,25.2,890000000.0
29,2017,126380000.0,203200000.0,-76820000.0,20,22,Premier League,27.4,352900000.0
1003,2017,50100000.0,83850000.0,-33750000.0,13,14,Premier League,27.0,443100000.0
180,2017,98350000.0,61250000.0,37100000.0,13,11,Premier League,25.5,397000000.0
379,2017,69020000.0,56800000.0,12220000.0,23,14,Premier League,28.2,451500000.0
873,2017,3000000.0,48950000.0,-45950000.0,17,15,Premier League,27.0,309950000.0
762,2017,21220000.0,46500000.0,-25280000.0,26,25,Premier League,27.4,494300000.0
1010,2017,18740000.0,73400000.0,-54660000.0,27,30,Championship,26.3,129550000.00000001
512,2017,35140000.0,57700000.0,-22560000.0,17,17,Championship,26.7,52250000.0
1132,2017,50000000.0,35740000.0,14260000.0,18,17,Championship,25.1,131550000.00000001
984,2017,2049999.9999999998,53500000.0,-51450000.0,10,14,Championship,27.8,63950000.0
2288,2017,81100000.0,73390000.0,7720000.0,24,19,Championship,24.8,44750000.0
1237,2017,400000.0,66500000.0,-66099999.99999999,20,21,Premier League,24.8,358700000.0
989,2017,0.0,34300000.0,-34300000.0,11,11,Premier League,26.6,243700000.0
1110,2017,6460000.0,56750000.0,-50300000.0,15,21,Championship,26.7,28250000.0
281,2018,57600000.0,78590000.0,-20990000.0,21,18,Premier League,26.8,1050000000.0
31,2018,41320000.0,182200000.0,-140880000.0,19,15,Premier League,26.7,879000000.0
631,2018,83250000.0,208800000.0,-125550000.0,28,27,Premier League,25.5,1020000000.0
148,2018,5350000.0,0.0,5350000.0,4,4,Premier League,26.7,680300000.0
985,2018,30550000.0,82700000.0,-52150000.0,9,9,Premier League,26.0,795700000.0
11,2018,9100000.0,80150000.0,-71050000.0,12,17,Premier League,25.2,890000000.0
29,2018,28650000.0,99800000.0,-71150000.0,21,19,Premier League,27.4,352900000.0
1003,2018,95800000.0,114600000.0,-18800000.0,18,15,Premier League,27.0,443100000.0
379,2018,13770000.0,100900000.0,-87140000.0,12,18,Premier League,28.2,451500000.0
989,2018,20200000.0,91600000.0,-71400000.0,16,14,Premier League,26.6,243700000.0
180,2018,26100000.0,62250000.0,-36150000.0,16,15,Premier League,25.5,397000000.0
543,2018,23300000.0,112750000.0,-89450000.0,34,27,Premier League,26.2,398700000.0
873,2018,350000.0,11850000.0,-11500000.0,15,11,Premier League,27.0,309950000.0
931,2018,5350000.0,116500000.0,-111150000.0,10,18,Premier League,28.1,253500000.0
762,2018,51050000.0,59750000.0,-8700000.0,22,21,Premier League,27.4,494300000.0
1010,2018,51840000.0,30100000.0,21740000.0,25,25,Championship,26.3,129550000.00000001
1132,2018,8000000.0,33000000.0,-25000000.0,9,8,Championship,25.1,131550000.00000001
1237,2018,13620000.0,87120000.0,-73500000.0,27,24,Premier League,24.8,358700000.0
1110,2018,12330000.0,50700000.0,-38370000.0,16,14,Championship,26.7,28250000.0
603,2018,0.0,40200000.0,-40200000.0,17,17,Championship,25.5,44200000.0
281,2019,71000000.0,166820000.0,-95820000.0,23,22,Premier League,26.8,1050000000.0
31,2019,48000000.0,10400000.0,37600000.0,15,14,Premier League,26.7,879000000.0
148,2019,64500000.0,150500000.0,-86000000.0,12,11,Premier League,26.7,680300000.0
631,2019,157270000.0,45000000.0,112270000.0,27,21,Premier League,25.5,1020000000.0
985,2019,81180000.0,234800000.0,-153620000.0,11,12,Premier League,26.0,795700000.0
11,2019,53650000.0,160800000.0,-107150000.0,18,16,Premier League,25.2,890000000.0
29,2019,87800000.0,121000000.0,-33200000.000000004,21,22,Premier League,27.4,352900000.0
1003,2019,88500000.0,104300000.0,-15800000.0,12,13,Premier League,27.0,443100000.0
543,2019,24100000.0,116700000.0,-92600000.0,21,24,Premier League,26.2,398700000.0
379,2019,55480000.0,119800000.0,-64319999.99999999,17,10,Premier League,28.2,451500000.0
989,2019,34630000.0,54910000.0,-20290000.0,11,12,Premier League,26.6,243700000.0
762,2019,35640000.0,72900000.0,-37260000.0,10,12,Premier League,27.4,494300000.0
405,2019,3000000.0,159500000.0,-156500000.0,21,23,Premier League,27.2,437000000.0
180,2019,27300000.0,61500000.0,-34200000.0,17,14,Premier League,25.5,397000000.0
1237,2019,8500000.0,61740000.0,-53240000.0,24,24,Premier League,24.8,358700000.0
1010,2019,25400000.0,56000000.0,-30600000.0,19,21,Championship,26.3,129550000.00000001
873,2019,55380000.0,7600000.0,47780000.0,15,12,Premier League,27.0,309950000.0
1132,2019,13550000.0,23850000.0,-10300000.0,9,8,Championship,25.1,131550000.00000001
1123,2019,2200000.0,8820000.0,-6620000.0,24,19,Championship,26.0,104600000.0
350,2019,350000.0,70500000.0,-70150000.0,19,22,Championship,26.7,105200000.0
281,2020,64000000.0,173400000.0,-109400000.0,21,24,Premier League,26.8,1050000000.0
31,2020,17200000.0,84050000.0,-66849999.99999999,13,16,Premier League,26.7,879000000.0
631,2020,57150000.0,247200000.0,-190050000.0,26,31,Premier League,25.5,1020000000.0
985,2020,19500000.0,83800000.0,-64300000.0,14,13,Premier League,26.0,795700000.0
148,2020,13300000.0,110500000.0,-97200000.0,11,15,Premier League,26.7,680300000.0
11,2020,19150000.0,86000000.0,-66849999.99999999,16,16,Premier League,25.2,890000000.0
29,2020,4430000.0,74370000.0,-69950000.0,20,20,Premier League,27.4,352900000.0
1003,2020,53770000.0,59400000.0,-5630000.0,15,16,Premier League,27.0,443100000.0
543,2020,79200000.0,87590000.0,-8390000.0,20,18,Premier League,26.2,398700000.0
405,2020,2770000.0,101350000.0,-98580000.0,16,12,Premier League,27.2,437000000.0
379,2020,45410000.0,54700000.0,-9290000.0,17,14,Premier League,28.2,451500000.0
1237,2020,20600000.0,28500000.0,-7900000.0,20,25,Premier League,24.8,358700000.0
180,2020,26300000.0,37300000.0,-11000000.0,17,21,Premier League,25.5,397000000.0
762,2020,275000.0,39000000.0,-38730000.0,15,11,Premier League,27.4,494300000.0
931,2020,0.0,37250000.0,-37250000.0,19,22,Premier League,28.1,253500000.0
399,2020,0.0,127800000.0,-127800000.0,15,14,Premier League,25.6,318000000.0
873,2020,20000000.0,22400000.0,-2400000.0,7,13,Premier League,27.0,309950000.0
350,2020,0.0,62700000.0,-62700000.0,17,14,Championship,26.7,105200000.0
984,2020,8100000.0,42140000.0,-34040000.0,21,21,Championship,27.8,63950000.0
1132,2020,2300000.0,1100000.0,1200000.0,6,6,Championship,25.1,131550000.00000001
281,2021,93800000.0,138900000.0,-45100000.0,19,19,Premier League,26.8,1050000000.0
31,2021,29550000.0,87000000.0,-57450000.0,12,14,Premier League,26.7,879000000.0
631,2021,148940000.0,118000000.0,30940000.0,23,21,Premier League,25.5,1020000000.0
985,2021,31100000.0,142000000.0,-110900000.0,12,16,Premier League,26.0,795700000.0
148,2021,34620000.0,95900000.0,-61280000.0,18,14,Premier League,26.7,680300000.0
11,2021,31400000.0,167400000.0,-136000000.0,19,12,Premier League,25.2,890000000.0
1003,2021,4000000.0,67600000.0,-63600000.0,10,11,Premier League,27.0,443100000.0
405,2021,127000000.0,129800000.00000001,-2800000.0,17,20,Premier League,27.2,437000000.0
29,2021,46000000.0,39500000.0,6500000.0,15,14,Premier League,27.4,352900000.0
543,2021,31800000.0,37600000.0,-5800000.0,19,23,Premier League,26.2,398700000.0
379,2021,4240000.0,74500000.0,-70270000.0,6,9,Premier League,28.2,451500000.0
1237,2021,78500000.0,75000000.0,3500000.0,27,23,Premier League,24.8,358700000.0
762,2021,0.0,130500000.0,-130500000.0,10,12,Premier League,27.4,494300000.0
399,2021,0.0,59300000.0,-59300000.0,14,11,Premier League,25.6,318000000.0
180,2021,60350000.0,43100000.0,17250000.0,13,10,Premier League,25.5,397000000.0
1148,2021,1000000.0,36700000.0,-35700000.0,13,17,Premier League,25.6,318600000.0
873,2021,0.0,85620000.0,-85620000.0,15,11,Premier League,27.0,309950000.0
1123,2021,38400000.0,63550000.0,-25150000.0,27,30,Championship,26.0,104600000.0
1010,2021,12850000.0,43500000.0,-30650000.0,27,28,Championship,26.3,129550000.00000001
1132,2021,40500000.0,49400000.0,-8900000.0,6,8,Championship,25.1,131550000.00000001
131,2015,38300000.0,51000000.0,-12700000.0,9,11,LaLiga,25.5,767000000.0
418,2015,31650000.0,92900000.0,-61250000.0,12,12,LaLiga,27.4,860800000.0
13,2015,152000000.0,119000000.0,33000000.0,23,21,LaLiga,28.5,457000000.0
1049,2015,50000000.0,143900000.0,-93900000.0,15,20,LaLiga,25.0,225650000.0
368,2015,61450000.0,44000000.0,17450000.0,20,22,LaLiga,28.8,209000000.0
621,2015,0.0,10000000.0,-10000000.0,15,13,LaLiga,27.8,226300000.0
1050,2015,37560000.0,47200000.0,-9640000.0,18,19,LaLiga,28.4,278200000.0
681,2015,1000000.0,26100000.0,-25100000.0,14,17,LaLiga,25.4,376000000.0
940,2015,18500000.0,16300000.0,2200000.0,12,10,LaLiga,26.4,146200000.0
1084,2015,46800000.0,8650000.0,38150000.0,18,20,LaLiga2,27.9,18500000.0
16795,2015,11170000.0,3850000.0,7320000.0,40,37,LaLiga2,28.0,47000000.0
714,2015,15200000.0,4450000.0,10750000.0,18,24,LaLiga,26.1,113700000.0
897,2015,0.0,8000000.0,-8000000.0,20,18,Primera Federación - Grupo I,27.7,8900000.0
1533,2015,0.0,3700000.0,-3700000.0,26,26,LaLiga2,28.3,26900000.0
150,2015,1050000.0,8850000.0,-7800000.0,18,21,LaLiga,29.0,252500000.0
2448,2015,0.0,0.0,0.0,7,9,LaLiga2,26.2,27200000.0
3368,2015,0.0,6550000.0,-6550000.0,15,16,,,
367,2015,0.0,400000.0,-400000.0,17,18,,,
3709,2015,4099999.9999999995,270000.0,3830000.0,12,14,,,
472,2015,0.0,6400000.0,-6400000.0,16,16,LaLiga2,26.8,27000000.0
418,2016,37500000.0,30000000.0,7500000.0,12,14,LaLiga,27.4,860800000.0
131,2016,33800000.0,124750000.0,-90950000.0,13,11,LaLiga,25.5,767000000.0
13,2016,44000000.0,78800000.0,-34800000.0,21,22,LaLiga,28.5,457000000.0
368,2016,93450000.0,81700000.0,11750000.0,18,17,LaLiga,28.8,209000000.0
1049,2016,121900000.0,36000000.0,85900000.0,18,16,LaLiga,25.0,225650000.0
1050,2016,67250000.0,55950000.0,11300000.0,19,21,LaLiga,28.4,278200000.0
621,2016,0.0,0.0,0.0,13,15,LaLiga,27.8,226300000.0
681,2016,11000000.0,18000000.0,-7000000.0,12,12,LaLiga,25.4,376000000.0
940,2016,19800000.0,8400000.0,11400000.0,7,11,LaLiga,26.4,146200000.0
897,2016,20000000.0,7000000.0,13000000.0,23,23,Primera Federación - Grupo I,27.7,8900000.0
1108,2016,0.0,6330000.0,-6330000.0,18,19,LaLiga2,26.1,34300000.0
1084,2016,0.0,12540000.0,-12540000.0,16,19,LaLiga2,27.9,18500000.0
472,2016,200000.0,2900000.0,-2700000.0,17,15,LaLiga2,26.8,27000000.0
150,2016,8000000.0,20900000.0,-12900000.0,24,21,LaLiga,29.0,252500000.0
714,2016,6000000.0,18400000.0,-12400000.0,22,20,LaLiga,26.1,113700000.0
1533,2016,5000000.0,8600000.0,-3600000.0,22,21,LaLiga2,28.3,26900000.0
16795,2016,31600000.0,11580000.0,20030000.0,39,38,LaLiga2,28.0,47000000.0
1244,2016,200000.0,5450000.0,-5250000.0,19,22,LaLiga2,28.6,28200000.0
2448,2016,0.0,1000000.0,-1000000.0,14,16,LaLiga2,26.2,27200000.0
331,2016,3750000.0,2200000.0,1550000.0,9,15,LaLiga,27.9,127700000.0
131,2017,232500000.0,380100000.0,-147600000.0,12,13,LaLiga,25.5,767000000.0
418,2017,132500000.0,40500000.0,92000000.0,10,9,LaLiga,27.4,860800000.0
13,2017,104000000.0,95600000.0,8400000.0,20,16,LaLiga,28.5,457000000.0
1049,2017,16550000.0,55000000.0,-38450000.0,22,23,LaLiga,25.0,225650000.0
368,2017,81600000.0,78050000.0,3550000.0,15,17,LaLiga,28.8,209000000.0
621,2017,65000000.0,32000000.0,33000000.0,9,9,LaLiga,27.8,226300000.0
681,2017,53000000.0,25500000.0,27500000.0,14,14,LaLiga,25.4,376000000.0
1050,2017,68000000.0,46100000.0,21900000.0,14,16,LaLiga,28.4,278200000.0
940,2017,13200000.0,26800000.0,-13600000.0,18,15,LaLiga,26.4,146200000.0
150,2017,27070000.0,38500000.0,-11430000.0,22,21,LaLiga,29.0,252500000.0
714,2017,10500000.0,17050000.0,-6550000.0,17,17,LaLiga,26.1,113700000.0
472,2017,25700000.0,350000.0,25350000.0,21,23,LaLiga2,26.8,27000000.0
12321,2017,0.0,8750000.0,-8750000.0,21,20,LaLiga,26.6,126200000.0
1108,2017,7500000.0,12330000.0,-4830000.0,21,21,LaLiga2,26.1,34300000.0
897,2017,5500000.0,9500000.0,-4000000.0,19,21,Primera Federación - Grupo I,27.7,8900000.0
3709,2017,1600000.0,12900000.0,-11300000.0,23,26,LaLiga,27.8,136700000.0
3368,2017,13850000.0,10000000.0,3850000.0,17,23,LaLiga2,27.5,41600000.0
1533,2017,10000000.0,10250000.0,-250000.0,19,22,LaLiga2,28.3,26900000.0
1244,2017,130000.0,6550000.0,-6420000.0,22,19,LaLiga2,28.6,28200000.0
1084,2017,33400000.0,10500000.0,22900000.0,25,25,LaLiga2,27.9,18500000.0
131,2018,146050000.0,141100000.0,4950000.0,18,19,LaLiga,25.5,767000000.0
13,2018,57900000.0,168000000.0,-110100000.0,15,19,LaLiga,28.5,457000000.0
418,2018,136100000.0,164750000.0,-28650000.0,14,16,LaLiga,27.4,860800000.0
1049,2018,68800000.0,129199999.99999999,-60400000.0,22,22,LaLiga,25.0,225650000.0
368,2018,93800000.0,81050000.0,12750000.0,21,20,LaLiga,28.8,209000000.0
681,2018,32799999.999999996,12000000.0,20800000.0,13,12,LaLiga,25.4,376000000.0
150,2018,49300000.0,44500000.0,4800000.0,19,19,LaLiga,29.0,252500000.0
621,2018,80000000.0,32900000.0,47100000.0,9,11,LaLiga,27.8,226300000.0
940,2018,35700000.0,30000000.0,5700000.0,18,23,LaLiga,26.4,146200000.0
1050,2018,54800000.0,92900000.0,-38100000.0,21,23,LaLiga,28.4,278200000.0
714,2018,30800000.0,22100000.0,8700000.0,13,13,LaLiga,26.1,113700000.0
3709,2018,5000000.0,27250000.0,-22250000.0,27,27,LaLiga,27.8,136700000.0
1244,2018,24600000.0,18900000.0,5700000.0,26,29,LaLiga2,28.6,28200000.0
1108,2018,9000000.0,10000000.0,-1000000.0,23,24,LaLiga2,26.1,34300000.0
3368,2018,41500000.0,26700000.0,14800000.0,21,17,LaLiga2,27.5,41600000.0
12321,2018,3300000.0,10200000.0,-6900000.0,11,11,LaLiga,26.6,126200000.0
1533,2018,7750000.0,8000000.0,-250000.0,17,15,LaLiga2,28.3,26900000.0
367,2018,13000000.0,12300000.0,700000.0,27,27,LaLiga,28.8,95200000.0
366,2018,0.0,10100000.0,-10100000.0,22,21,LaLiga,28.0,76600000.0
5358,2018,400000.0,9300000.0,-8900000.0,22,21,LaLiga2,27.5,20900000.0
131,2019,152900000.0,298500000.0,-145600000.0,22,20,LaLiga,25.5,767000000.0
418,2019,136800000.0,355500000.0,-218700000.0,19,22,LaLiga,27.4,860800000.0
13,2019,316300000.0,247350000.0,68950000.0,19,20,LaLiga,28.5,457000000.0
1049,2019,56300000.0,75000000.0,-18700000.0,19,24,LaLiga,25.0,225650000.0
681,2019,9500000.0,31750000.0,-22250000.0,14,13,LaLiga,25.4,376000000.0
368,2019,131449999.99999999,188730000.0,-57280000.0,29,30,LaLiga,28.8,209000000.0
150,2019,72000000.0,96450000.0,-24450000.0,18,21,LaLiga,29.0,252500000.0
621,2019,0.0,0.0,0.0,12,10,LaLiga,27.8,226300000.0
1050,2019,69300000.0,43800000.0,25500000.0,20,19,LaLiga,28.4,278200000.0
3709,2019,11250000.0,21500000.0,-10250000.0,19,21,LaLiga,27.8,136700000.0
940,2019,40650000.0,24600000.0,16050000.0,16,18,LaLiga,26.4,146200000.0
714,2019,60000000.0,61500000.0,-1500000.0,15,18,LaLiga,26.1,113700000.0
1244,2019,40820000.0,16450000.0,24370000.0,33,30,LaLiga2,28.6,28200000.0
1108,2019,22500000.0,11770000.0,10730000.0,26,27,LaLiga2,26.1,34300000.0
3368,2019,14900000.0,14600000.0,300000.0,20,21,LaLiga2,27.5,41600000.0
366,2019,8000000.0,1400000.0,6600000.0,22,21,LaLiga,28.0,76600000.0
237,2019,0.0,7500000.0,-7500000.0,26,31,LaLiga,27.9,93600000.0
331,2019,300000.0,14450000.0,-14150000.0,16,21,LaLiga,27.9,127700000.0
16795,2019,300000.0,11240000.0,-10940000.0,16,20,LaLiga2,28.0,47000000.0
1533,2019,27000000.0,17300000.0,9700000.0,16,18,LaLiga2,28.3,26900000.0
131,2020,149800000.0,112000000.0,37800000.0,14,18,LaLiga,25.5,767000000.0
418,2020,104200000.0,0.0,104200000.0,18,14,LaLiga,27.4,860800000.0
13,2020,83300000.0,91000000.0,-7700000.0,14,14,LaLiga,28.5,457000000.0
368,2020,19680000.0,74350000.0,-54670000.0,19,22,LaLiga,28.8,209000000.0
681,2020,28250000.0,10000000.0,18250000.0,7,11,LaLiga,25.4,376000000.0
1050,2020,26650000.0,36500000.0,-9850000.0,20,24,LaLiga,28.4,278200000.0
1049,2020,87850000.0,50000.0,87800000.0,13,14,LaLiga,25.0,225650000.0
150,2020,43700000.0,0.0,43700000.0,14,16,LaLiga,29.0,252500000.0
621,2020,0.0,12000000.0,-12000000.0,9,12,LaLiga,27.8,226300000.0
3709,2020,9750000.0,22050000.0,-12300000.0,23,21,LaLiga,27.8,136700000.0
940,2020,2500000.0,3000000.0,-500000.0,12,10,LaLiga,26.4,146200000.0
16795,2020,0.0,20500000.0,-20500000.0,13,13,LaLiga2,28.0,47000000.0
3368,2020,5000000.0,4000000.0,1000000.0,14,15,LaLiga2,27.5,41600000.0
331,2020,3450000.0,9150000.0,-5700000.0,15,15,LaLiga,27.9,127700000.0
1533,2020,150000.0,2000000.0,-1850000.0,13,13,LaLiga2,28.3,26900000.0
1108,2020,4880000.0,0.0,4880000.0,24,23,LaLiga2,26.1,34300000.0
5358,2020,0.0,4650000.0,-4650000.0,18,20,LaLiga2,27.5,20900000.0
366,2020,12100000.0,9850000.0,2250000.0,22,28,LaLiga,28.0,76600000.0
2687,2020,0.0,10100000.0,-10100000.0,29,30,LaLiga,29.0,62400000.0
1531,2020,7300000.0,6100000.0,1200000.0,19,21,LaLiga,27.7,60700000.0
418,2021,78000000.0,31000000.0,47000000.0,7,10,LaLiga,27.4,860800000.0
131,2021,70760000.0,69500000.0,1260000.0,17,19,LaLiga,25.5,767000000.0
13,2021,22750000.0,80700000.0,-57950000.0,18,18,LaLiga,28.5,457000000.0
1050,2021,10380000.0,54500000.0,-44130000.0,18,20,LaLiga,28.4,278200000.0
368,2021,28500000.0,41500000.0,-13000000.0,17,17,LaLiga,28.8,209000000.0
681,2021,0.0,2500000.0,-2500000.0,9,7,LaLiga,25.4,376000000.0
1049,2021,2700000.0,13350000.0,-10650000.0,15,15,LaLiga,25.0,225650000.0
150,2021,14000000.0,3250000.0,10750000.0,8,9,LaLiga,29.0,252500000.0
621,2021,0.0,0.0,0.0,9,6,LaLiga,27.8,226300000.0
3709,2021,21000000.0,16000000.0,5000000.0,19,22,LaLiga,27.8,136700000.0
714,2021,0.0,6000000.0,-6000000.0,8,11,LaLiga,26.1,113700000.0
940,2021,1800000.0,10020000.0,-8220000.000000001,16,13,LaLiga,26.4,146200000.0
331,2021,0.0,8700000.0,-8700000.0,15,14,LaLiga,27.9,127700000.0
16795,2021,3000000.0,17450000.0,-14450000.0,17,20,LaLiga2,28.0,47000000.0
3368,2021,0.0,875000.0,-875000.0,10,13,LaLiga2,27.5,41600000.0
237,2021,9000000.0,10000000.0,-1000000.0,22,21,LaLiga,27.9,93600000.0
1531,2021,2100000.0,8199999.999999999,-6100000.0,19,19,LaLiga,27.7,60700000.0
2687,2021,0.0,6100000.0,-6100000.0,22,24,LaLiga,29.0,62400000.0
367,2021,2200000.0,4300000.0,-2100000.0,19,16,LaLiga,28.8,95200000.0
1108,2021,3500000.0,1150000.0,2350000.0,22,24,LaLiga2,26.1,34300000.0
506,2015,81280000.0,185500000.0,-104220000.0,72,78,Serie A,27.0,420700000.0
12,2015,134250000.0,60850000.0,73400000.0,55,58,Serie A,26.2,317150000.0
6195,2015,18290000.0,42700000.0,-24410000.0,33,34,Serie A,26.2,629000000.0
46,2015,115320000.0,102450000.0,12870000.0,68,58,Serie A,28.5,534450000.00000006
5,2015,11160000.0,102280000.0,-91120000.0,51,48,Serie A,27.0,547250000.0
430,2015,26850000.0,24900000.0,1950000.0,48,42,Serie A,26.5,236300000.0
398,2015,2370000.0,31250000.0,-28880000.0,33,35,Serie A,27.2,274150000.0
1038,2015,16820000.0,34670000.0,-17850000.0,57,59,Serie A,26.6,71450000.0
252,2015,43150000.0,16700000.0,26450000.0,47,51,Serie B,26.4,52550000.0
6574,2015,25000000.0,30700000.0,-5700000.0,27,21,Serie A,25.9,171400000.0
410,2015,74120000.0,21420000.0,52700000.0,56,61,Serie A,25.4,143050000.0
416,2015,19750000.0,28050000.0,-8300000.000000001,38,40,Serie A,24.6,169530000.0
800,2015,37950000.0,26680000.0,11270000.0,63,72,Serie A,26.6,329500000.0
1025,2015,800000.0,26630000.0,-25830000.0,42,44,Serie A,25.7,136100000.0
749,2015,11500000.0,6350000.0,5150000.0,32,33,,,
458,2015,52900000.0,12250000.0,40650000.0,41,41,,,
4102,2015,275000.0,300000.0,-25000.0,39,41,,,
862,2015,15400000.0,6130000.0,9270000.0,64,70,,,49780000.0
276,2015,2049999.9999999998,6300000.0,-4250000.0,51,48,Serie A,26.4,84850000.0
8970,2015,200000.0,400000.0,-200000.0,22,22,Serie B,25.4,33500000.0
506,2016,176930000.0,170230000.0,6700000.0,72,78,Serie A,27.0,420700000.0
6195,2016,116810000.0,99090000.0,17720000.0,35,38,Serie A,26.2,629000000.0
12,2016,43430000.0,102500000.0,-59070000.0,52,54,Serie A,26.2,317150000.0
46,2016,18500000.0,164630000.0,-146130000.0,48,59,Serie A,28.5,534450000.00000006
5,2016,25150000.0,29560000.0,-4410000.0,28,31,Serie A,27.0,547250000.0
398,2016,28700000.0,32700000.000000004,-4000000.0,33,27,Serie A,27.2,274150000.0
430,2016,31050000.0,15730000.0,15320000.0,42,44,Serie A,26.5,236300000.0
416,2016,26430000.0,28770000.0,-2350000.0,42,46,Serie A,24.6,169530000.0
800,2016,41330000.0,15940000.0,25390000.0,62,68,Serie A,26.6,329500000.0
6574,2016,27800000.0,27510000.0,292000.0,22,25,Serie A,25.9,171400000.0
1038,2016,80700000.0,39650000.0,41050000.0,53,50,Serie A,26.6,71450000.0
252,2016,50300000.0,27200000.0,23100000.0,54,52,Serie B,26.4,52550000.0
410,2016,32229999.999999996,26500000.0,5730000.0,55,60,Serie A,25.4,143050000.0
1025,2016,16980000.0,31300000.0,-14320000.0,37,36,Serie A,25.7,136100000.0
1390,2016,11620000.0,9720000.0,1900000.0,34,39,Serie B,25.9,32799999.999999996
749,2016,15000000.0,7000000.0,8000000.0,30,33,,,
2921,2016,22270000.0,14290000.0,7980000.0,56,66,Serie C - Girone C,24.6,9380000.0
862,2016,6280000.0,12570000.0,-6290000.0,51,53,,,
458,2016,29250000.0,8480000.0,20780000.0,33,37,,,
4083,2016,7750000.0,5950000.0,1800000.0,37,36,Serie C - Girone C,27.0,8060000.000000001
506,2017,145650000.0,177600000.0,-31950000.0,59,67,Serie A,27.0,420700000.0
6195,2017,17450000.0,68000000.0,-50550000.0,30,33,Serie A,26.2,629000000.0
46,2017,79240000.0,137630000.0,-58390000.0,63,58,Serie A,28.5,534450000.00000006
12,2017,156500000.0,91300000.0,65200000.0,51,58,Serie A,26.2,317150000.0
398,2017,73920000.0,28250000.0,45670000.0,23,29,Serie A,27.2,274150000.0
5,2017,39700000.0,186480000.0,-146780000.0,32,35,Serie A,27.0,547250000.0
430,2017,93580000.0,79500000.0,14080000.0,42,45,Serie A,26.5,236300000.0
800,2017,78040000.0,66590000.0,11450000.0,71,77,Serie A,26.6,329500000.0
1038,2017,71460000.0,51000000.0,20460000.0,38,41,Serie A,26.6,71450000.0
416,2017,79800000.0,26380000.0,53420000.0,38,37,Serie A,24.6,169530000.0
252,2017,46720000.0,14170000.0,32549999.999999996,51,56,Serie B,26.4,52550000.0
6574,2017,19250000.0,37100000.0,-17850000.0,28,31,Serie A,25.9,171400000.0
410,2017,17700000.0,22590000.0,-4890000.0,36,35,Serie A,25.4,143050000.0
1025,2017,0.0,13000000.0,-13000000.0,29,36,Serie A,25.7,136100000.0
1390,2017,19880000.0,31090000.0,-11220000.0,34,34,Serie B,25.9,32799999.999999996
2722,2017,574000.0,8740000.0,-8160000.0,30,31,,,
4171,2017,3980000.0,23480000.0,-19500000.0,34,36,Serie B,26.7,23240000.0
276,2017,8050000.000000001,3050000.0,5000000.0,32,36,Serie A,26.4,84850000.0
862,2017,17670000.0,2950000.0,14720000.0,53,57,,,
4083,2017,0.0,3000000.0,-3000000.0,32,34,Serie C - Girone C,27.0,8060000.000000001
506,2018,112540000.0,263200000.0,-150660000.0,32,41,Serie A,27.0,420700000.0
6195,2018,100800000.0,71000000.0,29800000.0,29,28,Serie A,26.2,629000000.0
46,2018,91170000.0,97600000.0,-6430000.0,50,51,Serie A,28.5,534450000.00000006
5,2018,88100000.0,194640000.0,-106540000.0,28,26,Serie A,27.0,547250000.0
12,2018,150470000.0,166350000.0,-15880000.0,43,45,Serie A,26.2,317150000.0
800,2018,25060000.0,60800000.0,-35740000.0,71,76,Serie A,26.6,329500000.0
430,2018,43390000.0,60770000.0,-17380000.0,40,41,Serie A,26.5,236300000.0
398,2018,38600000.0,51280000.0,-12680000.0,29,27,Serie A,27.2,274150000.0
6574,2018,50380000.0,53970000.0,-3590000.0,39,41,Serie A,25.9,171400000.0
416,2018,17200000.0,53150000.0,-35950000.0,44,47,Serie A,24.6,169530000.0
1038,2018,90120000.0,56450000.0,33670000.0,42,45,Serie A,26.6,71450000.0
410,2018,13530000.0,52900000.0,-39370000.0,40,44,Serie A,25.4,143050000.0
252,2018,84360000.0,59070000.0,25290000.0,65,67,Serie B,26.4,52550000.0
1390,2018,7850000.0,22500000.0,-14650000.0,29,31,Serie B,25.9,32799999.999999996
1025,2018,44990000.0,31220000.0,13780000.0,32,38,Serie A,25.7,136100000.0
749,2018,22900000.0,17300000.0,5600000.0,38,42,,,
2722,2018,1850000.0,21900000.0,-20050000.0,38,38,Serie B,26.0,16280000.000000002
130,2018,596000.0,20400000.0,-19810000.0,43,49,Serie B,24.9,45950000.0
862,2018,17620000.0,9470000.0,8150000.0,49,52,,,
8970,2018,800000.0,9560000.0,-8760000.0,24,25,Serie B,25.4,33500000.0
506,2019,203140000.0,230500000.0,-27360000.0,24,23,Serie A,27.0,420700000.0
46,2019,66739999.99999999,191720000.0,-124980000.0,45,49,Serie A,28.5,534450000.00000006
6195,2019,48720000.0,206520000.0,-157800000.0,39,45,Serie A,26.2,629000000.0
5,2019,59230000.0,124080000.0,-64849999.99999999,27,25,Serie A,27.0,547250000.0
12,2019,106380000.0,117400000.0,-11030000.0,37,39,Serie A,26.2,317150000.0
398,2019,35350000.0,49950000.0,-14600000.0,34,37,Serie A,27.2,274150000.0
430,2019,15320000.0,56540000.0,-41220000.0,46,48,Serie A,26.5,236300000.0
800,2019,105100000.0,60060000.0,45040000.0,70,78,Serie A,26.6,329500000.0
6574,2019,51950000.0,66340000.0,-14380000.0,49,53,Serie A,25.9,171400000.0
1390,2019,18860000.0,40100000.0,-21240000.0,30,34,Serie B,25.9,32799999.999999996
416,2019,24400000.0,28800000.0,-4400000.0,40,41,Serie A,24.6,169530000.0
252,2019,66349999.99999999,50370000.0,15980000.0,67,72,Serie B,26.4,52550000.0
1038,2019,74590000.0,65250000.0,9340000.0,40,47,Serie A,26.5,71450000.0
1025,2019,28680000.0,67040000.00000001,-38360000.0,40,38,Serie A,25.6,136100000.0
130,2019,18160000.0,23310000.0,-5150000.0,64,65,Serie B,24.9,45950000.0
410,2019,60270000.0,12600000.0,47670000.0,38,38,Serie A,25.4,143050000.0
276,2019,43670000.0,21190000.0,22480000.0,53,53,Serie A,26.4,84850000.0
19,2019,100000.0,18650000.0,-18550000.0,20,18,Serie B,25.1,24030000.0
2722,2019,39700000.0,26150000.0,13550000.0,34,39,Serie B,26.0,16280000.000000002
1005,2019,450000.0,6200000.0,-5750000.0,37,35,Serie A,24.5,94130000.0
46,2020,82950000.0,126500000.0,-43550000.0,39,34,Serie A,28.5,534450000.00000006
506,2020,110560000.0,158010000.0,-47450000.0,17,19,Serie A,27.0,420700000.0
5,2020,52090000.0,31920000.0,20170000.0,26,28,Serie A,27.0,547250000.0
6195,2020,123060000.0,77250000.0,45810000.0,37,36,Serie A,26.2,629000000.0
800,2020,75400000.0,62040000.0,13370000.0,57,61,Serie A,26.6,329500000.0
12,2020,49000000.0,72100000.0,-23100000.0,30,33,Serie A,26.2,317150000.0
398,2020,7850000.0,41700000.0,-33850000.0,27,27,Serie A,27.2,274150000.0
430,2020,59890000.0,55300000.0,4590000.0,43,45,Serie A,26.5,236300000.0
6574,2020,62360000.0,29660000.0,32700000.000000004,36,37,Serie A,25.9,171400000.0
1390,2020,42660000.0,34180000.0,8480000.0,33,31,Serie B,25.9,32799999.999999996
416,2020,27000000.0,46700000.0,-19700000.0,30,34,Serie A,24.6,169530000.0
410,2020,31550000.0,21500000.0,10050000.0,27,31,Serie A,25.4,143050000.0
276,2020,5400000.0,18950000.0,-13550000.0,49,51,Serie A,26.4,84850000.0
1025,2020,5000000.0,3150000.0,1850000.0,28,29,Serie A,25.6,136100000.0
130,2020,4000000.0,104330000.0,-100330000.0,45,57,Serie B,24.9,45950000.0
1038,2020,12100000.0,17750000.0,-5650000.0,33,32,Serie A,26.5,71450000.0
252,2020,67290000.0,64680000.00000001,2610000.0,58,56,Serie B,26.4,52550000.0
3522,2020,1960000.0,5140000.0,-3180000.0,28,35,Serie A,25.8,86300000.0
4083,2020,0.0,5490000.0,-5490000.0,28,34,Serie C - Girone C,27.0,8060000.000000001
4171,2020,1000000.0,11600000.0,-10600000.0,20,26,Serie B,26.7,23240000.0
506,2021,64030000.0,129500000.0,-65470000.0,15,18,Serie A,27.0,420700000.0
46,2021,205050000.0,42550000.0,162500000.0,35,34,Serie A,28.5,534450000.00000006
5,2021,5120000.0,93110000.0,-87990000.0,24,28,Serie A,27.0,547250000.0
6195,2021,3200000.0,23300000.0,-20100000.0,25,26,Serie A,26.2,629000000.0
800,2021,48990000.0,65200000.0,-16210000.0,62,68,Serie A,26.6,329500000.0
12,2021,17240000.0,127650000.0,-110420000.0,36,36,Serie A,26.2,317150000.0
430,2021,112200000.0,64400000.00000001,47800000.0,40,42,Serie A,26.5,236300000.0
398,2021,8900000.0,13800000.0,-4900000.0,33,33,Serie A,27.2,274150000.0
6574,2021,22800000.0,37120000.0,-14330000.0,45,46,Serie A,25.9,171400000.0
416,2021,16500000.0,13400000.0,3100000.0,30,31,Serie A,24.6,169530000.0
1025,2021,25000000.0,32310000.000000004,-7310000.0,34,35,Serie A,25.6,136100000.0
276,2021,37520000.0,42270000.0,-4760000.0,41,36,Serie A,26.4,84850000.0
410,2021,79630000.0,9400000.0,70230000.0,28,26,Serie A,25.4,143050000.0
1390,2021,7370000.0,15200000.0,-7830000.0,29,29,Serie B,25.9,32799999.999999996
1038,2021,9700000.0,14510000.0,-4810000.0,40,40,Serie A,26.5,71450000.0
749,2021,28200000.0,10500000.0,17700000.0,35,40,Serie A,25.2,103300000.0
252,2021,18620000.0,39100000.0,-20490000.0,61,70,Serie B,26.4,52550000.0
607,2021,200000.0,22090000.0,-21890000.0,30,35,Serie B,25.6,33030000.0
3522,2021,2200000.0,27790000.0,-25580000.0,40,36,Serie A,25.8,86300000.0
380,2021,0.0,14350000.0,-14350000.0,47,52,Serie A,26.8,99680000.0
27,2015,33000000.0,90750000.0,-57750000.0,10,10,Bundesliga,26.5,979700000.0
16,2015,42550000.0,20000000.0,22550000.0,15,12,Bundesliga,24.6,547700000.0
82,2015,111300000.0,68100000.0,43200000.0,12,13,Bundesliga,24.6,200700000.0
15,2015,63250000.0,58000000.0,5250000.0,18,23,Bundesliga,24.9,421850000.0
33,2015,57200000.0,37100000.0,20100000.0,17,16,Bundesliga,27.3,60400000.0
18,2015,15700000.0,38000000.0,-22300000.0,10,11,Bundesliga,26.0,223000000.0
533,2015,57150000.0,23400000.0,33750000.0,28,29,Bundesliga,25.9,154650000.0
39,2015,34200000.0,13850000.0,20350000.0,23,23,Bundesliga,25.1,113700000.0
79,2015,20550000.0,15670000.0,4880000.0,19,19,Bundesliga,23.6,115950000.0
44,2015,4920000.0,7300000.0,-2380000.0,11,13,Bundesliga,26.1,92350000.0
24,2015,12100000.0,11820000.0,280000.0,13,15,Bundesliga,25.1,294450000.0
167,2015,26900000.0,16700000.0,10200000.0,9,14,Bundesliga,25.3,117150000.0
3,2015,13050000.0,14780000.0,-1730000.0,15,12,Bundesliga,24.7,101930000.0
86,2015,19450000.0,12880000.0,6570000.0,16,23,Bundesliga,25.3,80550000.0
41,2015,13200000.0,21850000.0,-8650000.0,19,19,2. Bundesliga,23.6,37650000.0
42,2015,13500000.0,18400000.0,-4900000.0,18,21,2. Bundesliga,25.0,23530000.0
4795,2015,0.0,6200000.0,-6200000.0,9,6,3. Liga,24.3,7350000.0
105,2015,0.0,1100000.0,-1100000.0,11,16,2. Bundesliga,25.6,25680000.0
27,2016,52300000.0,70000000.0,-17700000.0,8,5,Bundesliga,26.5,979700000.0
16,2016,111000000.0,141100000.0,-30100000.0,8,12,Bundesliga,24.6,547700000.0
15,2016,23700000.0,63300000.0,-39600000.0,18,19,Bundesliga,24.9,421850000.0
33,2016,61300000.0,43300000.0,18000000.0,15,19,Bundesliga,27.3,60400000.0
82,2016,94450000.0,81050000.0,13400000.0,19,20,Bundesliga,24.6,200700000.0
23826,2016,100000.0,95950000.0,-95850000.0,13,12,Bundesliga,25.6,487300000.0
18,2016,45100000.0,41250000.0,3850000.0,10,14,Bundesliga,26.0,223000000.0
533,2016,37000000.0,27440000.0,9560000.0,24,24,Bundesliga,25.9,154650000.0
3,2016,19000000.0,8350000.0,10650000.0,8,11,Bundesliga,24.7,101930000.0
39,2016,25700000.0,29210000.0,-3510000.0,16,16,Bundesliga,25.1,113700000.0
44,2016,5000000.0,6700000.0,-1700000.0,10,7,Bundesliga,26.1,92350000.0
86,2016,27200000.0,23700000.0,3500000.0,20,18,Bundesliga,25.3,80550000.0
60,2016,5150000.0,16780000.0,-11630000.0,19,15,Bundesliga,26.2,161900000.0
41,2016,8750000.0,43950000.0,-35200000.0,17,18,2. Bundesliga,23.6,37650000.0
24,2016,12050000.0,3800000.0,8250000.0,16,16,Bundesliga,25.1,294450000.0
167,2016,15050000.0,23700000.0,-8650000.0,18,13,Bundesliga,25.3,117150000.0
4795,2016,4550000.0,7950000.0,-3400000.0,10,10,3. Liga,24.3,7350000.0
105,2016,5200000.0,4099999.9999999995,1100000.0,24,24,2. Bundesliga,25.6,25680000.0
27,2017,32250000.0,116500000.0,-84250000.0,11,14,Bundesliga,26.5,979700000.0
16,2017,275950000.0,122590000.0,153360000.0,15,15,Bundesliga,24.6,547700000.0
23826,2017,24540000.0,63500000.0,-38960000.0,13,15,Bundesliga,25.6,487300000.0
15,2017,91100000.0,51000000.0,40100000.0,18,14,Bundesliga,24.9,421850000.0
33,2017,7100000.0,49300000.0,-42200000.0,24,18,Bundesliga,27.3,60400000.0
533,2017,45750000.0,14700000.0,31050000.0,16,20,Bundesliga,25.9,154650000.0
18,2017,31080000.0,37250000.0,-6170000.0,13,9,Bundesliga,26.0,223000000.0
82,2017,36000000.0,72750000.0,-36750000.0,21,20,Bundesliga,24.6,200700000.0
79,2017,7600000.0,30900000.0,-23300000.0,16,16,Bundesliga,23.6,115950000.0
44,2017,18000000.0,14000000.0,4000000.0,9,10,Bundesliga,26.1,92350000.0
24,2017,4920000.0,19200000.0,-14290000.0,13,17,Bundesliga,25.1,294450000.0
86,2017,8900000.0,18600000.0,-9700000.0,18,16,Bundesliga,25.3,80550000.0
60,2017,27800000.0,19650000.0,8150000.0,13,18,Bundesliga,26.2,161900000.0
167,2017,7900000.0,7550000.0,350000.0,18,13,Bundesliga,25.3,117150000.0
39,2017,24850000.0,16550000.0,8300000.000000001,19,14,Bundesliga,25.1,113700000.0
42,2017,250000.0,19000000.0,-18750000.0,14,14,2. Bundesliga,25.0,23530000.0
3,2017,7450000.0,40000000.0,-32549999.999999996,5,10,Bundesliga,24.7,101930000.0
41,2017,5550000.0,19000000.0,-13450000.0,14,15,2. Bundesliga,23.6,37650000.0
27,2018,84000000.0,14000000.0,70000000.0,9,6,Bundesliga,26.5,979700000.0
16,2018,114200000.0,90500000.0,23700000.0,17,14,Bundesliga,24.6,547700000.0
23826,2018,72750000.0,65629999.99999999,7120000.0,16,19,Bundesliga,25.6,487300000.0
15,2018,45000000.0,31500000.0,13500000.0,8,10,Bundesliga,24.9,421850000.0
533,2018,6120000.0,32000000.0,-25880000.0,18,16,Bundesliga,25.9,154650000.0
24,2018,18900000.0,28950000.0,-10050000.0,23,24,Bundesliga,25.1,294450000.0
18,2018,32950000.000000004,32549999.999999996,400000.0,10,11,Bundesliga,26.0,223000000.0
82,2018,800000.0,36000000.0,-35200000.0,13,14,Bundesliga,24.6,200700000.0
33,2018,46150000.0,62200000.0,-16050000.0,15,18,Bundesliga,27.3,60400000.0
44,2018,16900000.0,16000000.0,900000.0,10,14,Bundesliga,26.1,92350000.0
86,2018,26850000.0,25800000.0,1050000.0,20,21,Bundesliga,25.3,80550000.0
39,2018,56100000.0,30000000.0,26100000.0,12,19,Bundesliga,25.1,113700000.0
79,2018,13250000.0,45760000.0,-32509999.999999996,17,18,Bundesliga,23.6,115950000.0
167,2018,2850000.0,6650000.0,-3800000.0,11,17,Bundesliga,25.3,117150000.0
60,2018,22680000.0,18400000.0,4280000.0,21,16,Bundesliga,26.2,161900000.0
38,2018,600000.0,7500000.0,-6900000.0,19,21,2. Bundesliga,25.9,27750000.0
42,2018,13540000.0,18520000.0,-4980000.0,17,20,2. Bundesliga,25.0,23530000.0
4,2018,0.0,4850000.0,-4850000.0,9,11,2. Bundesliga,25.2,25750000.0
27,2019,54000000.0,139500000.0,-85500000.0,8,10,Bundesliga,26.5,979700000.0
16,2019,132250000.0,148500000.0,-16250000.0,16,17,Bundesliga,24.6,547700000.0
23826,2019,45250000.0,86500000.0,-41250000.0,12,15,Bundesliga,25.6,487300000.0
15,2019,33500000.0,98200000.0,-64700000.0,10,9,Bundesliga,24.9,421850000.0
18,2019,34100000.0,40500000.0,-6400000.0,9,6,Bundesliga,26.0,223000000.0
533,2019,121400000.0,55850000.0,65550000.0,22,22,Bundesliga,25.9,154650000.0
33,2019,19450000.0,29500000.0,-10050000.0,16,13,Bundesliga,27.3,60400000.0
44,2019,23450000.0,110700000.0,-87260000.0,16,15,Bundesliga,26.1,92350000.0
24,2019,114800000.0,82640000.0,32170000.0,26,22,Bundesliga,25.1,294450000.0
82,2019,14300000.0,34800000.0,-20500000.0,15,14,Bundesliga,24.6,200700000.0
86,2019,0.0,13950000.0,-13950000.0,14,17,Bundesliga,25.3,80550000.0
60,2019,8100000.0,17500000.0,-9400000.0,15,15,Bundesliga,26.2,161900000.0
39,2019,27000000.0,29700000.0,-2700000.0,16,15,Bundesliga,25.1,113700000.0
167,2019,20000000.0,33000000.0,-13000000.0,19,20,Bundesliga,25.3,117150000.0
3,2019,6850000.0,20250000.0,-13400000.0,18,18,Bundesliga,24.7,101930000.0
38,2019,11600000.0,11150000.0,450000.0,16,18,2. Bundesliga,25.9,27750000.0
89,2019,1250000.0,10050000.0,-8800000.0,16,22,Bundesliga,27.6,126100000.0
127,2019,5800000.0,750000.0,5050000.0,21,21,2. Bundesliga,25.7,19230000.0
27,2020,22250000.0,66250000.0,-44000000.0,13,12,Bundesliga,26.5,979700000.0
16,2020,5500000.0,50000000.0,-44500000.0,10,12,Bundesliga,24.6,547700000.0
23826,2020,77500000.0,58000000.0,19500000.0,13,11,Bundesliga,25.6,487300000.0
15,2020,91000000.0,46200000.0,44800000.0,7,13,Bundesliga,24.9,421850000.0
18,2020,0.0,13500000.0,-13500000.0,8,13,Bundesliga,26.0,223000000.0
24,2020,17700000.0,10750000.0,6950000.0,22,20,Bundesliga,25.1,294450000.0
82,2020,11100000.0,22000000.0,-10900000.0,13,12,Bundesliga,24.6,200700000.0
44,2020,10450000.0,31250000.0,-20800000.0,18,18,Bundesliga,26.1,92350000.0
533,2020,17750000.0,4000000.0,13750000.0,12,18,Bundesliga,25.9,154650000.0
79,2020,7500000.0,14950000.0,-7450000.0,13,16,Bundesliga,23.6,115950000.0
39,2020,13700000.0,2000000.0,11700000.0,15,14,Bundesliga,25.1,113700000.0
60,2020,37950000.0,14350000.0,23600000.0,17,14,Bundesliga,26.2,161900000.0
33,2020,8000000.0,2000000.0,6000000.0,19,24,Bundesliga,27.3,60400000.0
3,2020,15000000.0,18500000.0,-3500000.0,19,21,Bundesliga,24.7,101930000.0
86,2020,11700000.0,11000000.0,700000.0,22,19,Bundesliga,25.3,80550000.0
167,2020,8400000.0,10300000.0,-1900000.0,17,11,Bundesliga,25.3,117150000.0
89,2020,6920000.0,1700000.0,5220000.0,25,22,Bundesliga,27.6,126100000.0
10,2020,100000.0,500000.0,-400000.0,16,15,2. Bundesliga,25.3,21450000.0
27,2021,4000000.0,57500000.0,-53500000.0,12,15,Bundesliga,26.5,979700000.0
16,2021,109500000.0,45000000.0,64500000.0,9,10,Bundesliga,24.6,547700000.0
23826,2021,113500000.0,107620000.0,5880000.0,18,17,Bundesliga,25.6,487300000.0
15,2021,43100000.0,55350000.0,-12250000.0,16,12,Bundesliga,24.9,421850000.0
82,2021,22700000.0,76180000.0,-53480000.0,21,24,Bundesliga,24.6,200700000.0
18,2021,10200000.0,17000000.0,-6800000.0,15,10,Bundesliga,26.0,223000000.0
24,2021,28400000.0,13450000.0,14950000.0,20,22,Bundesliga,25.1,294450000.0
533,2021,850000.0,0.0,850000.0,14,14,Bundesliga,25.9,154650000.0
60,2021,14550000.0,9500000.0,5050000.0,12,14,Bundesliga,26.2,161900000.0
79,2021,40920000.0,14850000.0,26070000.0,15,15,Bundesliga,23.6,115950000.0
44,2021,52500000.0,27400000.0,25100000.0,19,18,Bundesliga,26.1,92350000.0
39,2021,18050000.0,6900000.0,11150000.0,18,15,Bundesliga,25.1,113700000.0
89,2021,19550000.0,20100000.0,-550000.0,26,23,Bundesliga,27.6,126100000.0
3,2021,23450000.0,550000.0,22900000.0,23,21,Bundesliga,24.7,101930000.0
167,2021,12800000.0,24060000.0,-11260000.0,11,13,Bundesliga,25.3,117150000.0
10,2021,500000.0,9440000.0,-8940000.0,25,23,2. Bundesliga,25.3,21450000.0
80,2021,350000.0,0.0,350000.0,9,13,Bundesliga,28.1,47750000.0
65,2021,3550000.0,1400000.0,2150000.0,15,18,2. Bundesliga,24.0,20800000.0
583,2015,22900000.0,116100000.0,-93200000.0,11,9,Ligue 1,25.1,882550000.0
162,2015,175400000.0,101000000.0,74400000.0,28,30,Ligue 1,24.3,324200000.0
1041,2015,26800000.0,41100000.0,-14300000.0,13,11,Ligue 1,25.2,231800000.0
244,2015,54450000.0,19750000.0,34700000.0,18,23,Ligue 1,26.7,259200000.0
618,2015,23200000.0,20300000.0,2900000.0,13,16,Ligue 2,25.1,39000000.0
273,2015,10600000.0,5640000.0,4960000.0,19,18,Ligue 1,24.5,320300000.0
40,2015,22300000.0,11000000.0,11300000.0,13,13,Ligue 2,22.7,33200000.000000004
417,2015,14000000.0,4099999.9999999995,9900000.0,19,21,Ligue 1,24.3,235600000.0
1082,2015,35250000.0,12900000.0,22350000.0,18,23,Ligue 1,26.0,220900000.0
1158,2015,18500000.0,9930000.0,8580000.0,15,14,Ligue 1,24.6,87400000.0
969,2015,4000000.0,2730000.0,1280000.0,8,11,Ligue 1,25.7,115400000.0
1421,2015,1500000.0,2400000.0,-900000.0,10,13,Ligue 1,24.6,95100000.0
415,2015,10500000.0,2900000.0,7600000.0,12,10,Ligue 1,24.4,78850000.0
995,2015,17550000.0,7000000.0,10550000.0,14,14,Ligue 1,26.3,123800000.0
1162,2015,14000000.0,6050000.0,7950000.0,16,21,Ligue 2,25.7,23550000.0
855,2015,6000000.0,1950000.0,4050000.0,12,15,Ligue 2,25.4,21550000.0
1420,2015,5900000.0,0.0,5900000.0,20,23,Ligue 1,25.0,52200000.0
1095,2015,7300000.0,300000.0,7000000.0,16,16,Ligue 1,25.4,77300000.0
595,2015,1700000.0,0.0,1700000.0,16,13,Ligue 2,27.6,12300000.0
3558,2015,0.0,0.0,0.0,10,9,National 3 - Corse-Méditerranée,26.8,18400000.0
583,2016,59800000.0,134500000.0,-74700000.0,14,14,Ligue 1,25.1,882550000.0
162,2016,18450000.0,50500000.0,-32049999.999999996,25,25,Ligue 1,24.3,324200000.0
1041,2016,27300000.0,28600000.0,-1300000.0,13,12,Ligue 1,25.2,231800000.0
417,2016,15800000.0,15250000.0,550000.0,19,21,Ligue 1,24.3,235600000.0
244,2016,81490000.0,53000000.0,28490000.0,24,26,Ligue 1,26.7,259200000.0
40,2016,2600000.0,11850000.0,-9250000.0,14,13,Ligue 2,22.7,33200000.000000004
618,2016,2250000.0,7000000.0,-4750000.0,14,15,Ligue 2,25.1,39000000.0
1082,2016,47000000.0,20700000.0,26300000.0,25,21,Ligue 1,26.0,220900000.0
273,2016,55300000.0,2270000.0,53030000.0,21,23,Ligue 1,24.5,320300000.0
415,2016,10000000.0,13000000.0,-3000000.0,15,19,Ligue 1,24.4,78850000.0
1158,2016,32150000.0,8600000.0,23550000.0,20,25,Ligue 1,24.6,87400000.0
969,2016,19400000.0,6400000.0,13000000.0,16,14,Ligue 1,25.7,115400000.0
995,2016,2650000.0,5000000.0,-2360000.0,12,13,Ligue 1,26.3,123800000.0
1420,2016,4400000.0,5200000.0,-800000.0,20,22,Ligue 1,25.0,52200000.0
855,2016,2500000.0,0.0,2500000.0,17,16,Ligue 2,25.4,21550000.0
347,2016,775000.0,400000.0,375000.0,27,26,Ligue 2,25.0,25250000.0
1162,2016,11000000.0,4250000.0,6750000.0,11,11,Ligue 2,25.7,23550000.0
595,2016,7000000.0,250000.0,6750000.0,17,17,Ligue 2,27.6,12300000.0
1159,2016,10900000.0,2300000.0,8600000.0,9,14,Championnat National,25.7,7550000.0
2969,2016,1250000.0,3150000.0,-1900000.0,15,14,Ligue 2,25.8,19850000.0
583,2017,98400000.0,238000000.0,-139600000.0,14,11,Ligue 1,25.1,882550000.0
162,2017,199500000.0,122400000.0,77100000.0,21,25,Ligue 1,24.3,324200000.0
1041,2017,119550000.0,58050000.0,61500000.0,19,20,Ligue 1,25.2,231800000.0
244,2017,2750000.0,62000000.0,-59250000.0,21,17,Ligue 1,26.7,259200000.0
417,2017,27500000.0,26300000.0,1200000.0,19,15,Ligue 1,24.3,235600000.0
40,2017,28250000.0,32600000.0,-4350000.0,23,25,Ligue 2,22.7,33200000.000000004
273,2017,15800000.0,53900000.0,-38100000.0,21,19,Ligue 1,24.5,320300000.0
415,2017,13000000.0,3500000.0,9500000.0,15,11,Ligue 1,24.4,78850000.0
618,2017,15500000.0,19300000.0,-3800000.0,22,19,Ligue 2,25.1,39000000.0
995,2017,10000000.0,11300000.0,-1300000.0,11,14,Ligue 1,26.3,123800000.0
1082,2017,31100000.0,76500000.0,-45400000.0,27,31,Ligue 1,26.0,220900000.0
969,2017,20800000.0,5700000.0,15100000.0,16,13,Ligue 1,25.7,115400000.0
2969,2017,15000000.0,5500000.0,9500000.0,13,12,Ligue 2,25.8,19850000.0
1416,2017,8000000.0,6630000.0,1370000.0,15,18,Ligue 2,24.1,22200000.0
1420,2017,26000000.0,12400000.0,13600000.0,20,18,Ligue 1,25.0,52200000.0
1162,2017,6000000.0,6950000.0,-950000.0,16,16,Ligue 2,25.7,23550000.0
855,2017,5950000.0,1380000.0,4580000.0,16,15,Ligue 2,25.4,21550000.0
347,2017,22850000.0,3600000.0,19250000.0,20,23,Ligue 2,25.0,25250000.0
667,2017,2000000.0,5400000.0,-3400000.0,15,15,Ligue 1,26.6,98550000.0
1095,2017,0.0,0.0,0.0,11,9,Ligue 1,25.4,77300000.0
583,2018,114000000.0,262000000.0,-148000000.0,18,20,Ligue 1,25.1,882550000.0
1041,2018,90100000.0,46450000.0,43650000.0,17,18,Ligue 1,25.2,231800000.0
162,2018,367250000.0,145850000.0,221400000.0,27,37,Ligue 1,24.3,324200000.0
1082,2018,69700000.0,8900000.0,60800000.0,19,15,Ligue 1,26.0,220900000.0
244,2018,32850000.0,66000000.0,-33150000.0,10,13,Ligue 1,26.7,259200000.0
417,2018,61700000.0,28000000.0,33700000.0,12,13,Ligue 1,24.3,235600000.0
40,2018,50700000.0,21460000.0,29250000.0,19,17,Ligue 2,22.7,33200000.000000004
273,2018,18500000.0,18000000.0,500000.0,15,19,Ligue 1,24.5,320300000.0
618,2018,18700000.0,15000000.0,3700000.0,20,18,Ligue 2,25.1,39000000.0
995,2018,11200000.0,14350000.0,-3150000.0,18,16,Ligue 1,26.3,123800000.0
415,2018,35500000.0,18450000.0,17050000.0,19,18,Ligue 1,24.4,78850000.0
969,2018,25500000.0,10150000.0,15350000.0,10,13,Ligue 1,25.7,115400000.0
667,2018,14000000.0,15750000.0,-1750000.0,12,16,Ligue 1,26.6,98550000.0
1160,2018,0.0,3150000.0,-3150000.0,8,13,Ligue 2,25.4,15850000.0
1421,2018,11000000.0,15500000.0,-4500000.0,14,15,Ligue 1,24.6,95100000.0
1420,2018,21000000.0,4450000.0,16550000.0,19,20,Ligue 1,25.0,52200000.0
855,2018,4000000.0,3500000.0,500000.0,13,13,Ligue 2,25.4,21550000.0
1416,2018,10000000.0,7490000.0,2510000.0,27,21,Ligue 2,24.1,22200000.0
1162,2018,14500000.0,9950000.0,4550000.0,24,25,Ligue 2,25.7,23550000.0
2969,2018,4000000.0,9200000.0,-5200000.0,15,15,Ligue 2,25.8,19850000.0
583,2019,105900000.0,95000000.0,10900000.0,18,21,Ligue 1,25.1,882550000.0
1041,2019,160320000.0,126000000.0,34320000.0,14,16,Ligue 1,25.2,231800000.0
162,2019,83750000.0,200000000.0,-116250000.0,37,33,Ligue 1,24.3,324200000.0
1082,2019,151000000.0,99400000.0,51600000.0,17,18,Ligue 1,26.0,220900000.0
244,2019,27250000.0,27000000.0,250000.0,12,10,Ligue 1,26.7,259200000.0
417,2019,23110000.0,52200000.0,-29090000.0,16,15,Ligue 1,24.3,235600000.0
273,2019,54500000.0,58100000.0,-3600000.0,21,22,Ligue 1,24.5,320300000.0
40,2019,62250000.0,17000000.0,45250000.0,19,18,Ligue 2,22.7,33200000.000000004
995,2019,38500000.0,18750000.0,19750000.0,20,22,Ligue 1,26.3,123800000.0
618,2019,45850000.0,13450000.0,32400000.0,17,25,Ligue 2,25.1,39000000.0
667,2019,21500000.0,11000000.0,10500000.0,13,8,Ligue 1,26.6,98550000.0
1420,2019,34000000.0,10400000.0,23600000.0,17,16,Ligue 1,25.0,52200000.0
969,2019,40000000.0,20300000.0,19700000.0,16,15,Ligue 1,25.7,115400000.0
1421,2019,26600000.0,18700000.0,7900000.0,20,19,Ligue 1,24.6,95100000.0
415,2019,17150000.0,14000000.0,3150000.0,18,23,Ligue 1,24.4,78850000.0
1416,2019,5440000.0,18150000.0,-12720000.0,20,26,Ligue 2,24.1,22200000.0
347,2019,2600000.0,14350000.0,-11750000.0,16,19,Ligue 2,25.0,25250000.0
2969,2019,24500000.0,10470000.0,14040000.0,16,15,Ligue 2,25.8,19850000.0
1160,2019,20500000.0,9850000.0,10650000.0,17,17,Ligue 2,25.4,15850000.0
3911,2019,500000.0,7500000.0,-7000000.0,13,13,Ligue 1,25.5,69000000.0
583,2020,400000.0,62000000.0,-61600000.0,15,15,Ligue 1,25.1,882550000.0
1041,2020,50600000.0,36690000.0,13910000.0,20,14,Ligue 1,25.2,231800000.0
162,2020,13530000.0,52700000.0,-39170000.0,32,32,Ligue 1,24.3,324200000.0
1082,2020,104180000.0,40430000.0,63750000.0,14,15,Ligue 1,26.0,220900000.0
273,2020,55420000.0,70560000.0,-15140000.0,22,16,Ligue 1,24.5,320300000.0
244,2020,32049999.999999996,17420000.0,14630000.0,12,11,Ligue 1,26.7,259200000.0
417,2020,20510000.0,29230000.0,-8720000.0,25,25,Ligue 1,24.3,235600000.0
618,2020,44100000.0,5600000.0,38500000.0,23,23,Ligue 2,25.1,39000000.0
969,2020,0.0,13100000.0,-13100000.0,8,10,Ligue 1,25.7,115400000.0
1420,2020,10700000.0,11250000.0,-550000.0,14,17,Ligue 1,25.0,52200000.0
667,2020,500000.0,12000000.0,-11500000.0,7,8,Ligue 1,26.6,98550000.0
40,2020,17000000.0,0.0,17000000.0,13,14,Ligue 2,22.7,33200000.000000004
1421,2020,17000000.0,11200000.0,5800000.0,14,7,Ligue 1,24.6,95100000.0
826,2020,0.0,19000000.0,-19000000.0,14,15,Ligue 1,25.7,184100000.0
347,2020,10000000.0,14700000.0,-4700000.0,20,24,Ligue 2,25.0,25250000.0
3911,2020,12000000.0,16100000.000000002,-4099999.9999999995,15,16,Ligue 1,25.5,69000000.0
995,2020,2000000.0,5000000.0,-3000000.0,13,11,Ligue 1,26.3,123800000.0
1158,2020,6500000.0,26500000.0,-20000000.0,19,21,Ligue 1,24.6,87400000.0
2969,2020,17000000.0,15800000.0,1200000.0,15,18,Ligue 2,25.8,19850000.0
1160,2020,2500000.0,11250000.0,-8750000.0,7,12,Ligue 2,25.4,15850000.0
583,2021,11000000.0,91000000.0,-80000000.0,17,23,Ligue 1,25.1,882550000.0
1041,2021,95600000.0,22920000.0,72680000.0,15,22,Ligue 1,25.2,231800000.0
162,2021,34640000.0,45500000.0,-10860000.0,23,22,Ligue 1,24.3,324200000.0
1082,2021,76850000.0,25600000.0,51250000.0,16,16,Ligue 1,26.0,220900000.0
273,2021,45400000.0,81500000.0,-36100000.0,20,23,Ligue 1,24.5,320300000.0
244,2021,8000000.0,54120000.0,-46120000.0,20,22,Ligue 1,26.7,259200000.0
417,2021,26050000.0,55000000.0,-28950000.0,23,22,Ligue 1,24.3,235600000.0
826,2021,18000000.0,20600000.0,-2600000.0,18,17,Ligue 1,25.7,184100000.0
1421,2021,15050000.0,16000000.0,-950000.0,15,21,Ligue 1,24.6,95100000.0
969,2021,25000000.0,200000.0,24800000.0,14,12,Ligue 1,25.7,115400000.0
667,2021,16000000.0,4500000.0,11500000.0,19,16,Ligue 1,26.6,98550000.0
40,2021,18600000.0,9800000.0,8800000.0,19,24,Ligue 2,22.7,33200000.000000004
995,2021,15800000.0,7500000.0,8300000.000000001,15,12,Ligue 1,26.3,123800000.0
618,2021,0.0,600000.0,-600000.0,15,13,Ligue 2,25.1,39000000.0
3911,2021,28200000.0,9250000.0,18950000.0,15,14,Ligue 1,25.5,69000000.0
347,2021,23500000.0,2500000.0,21000000.0,19,19,Ligue 2,25.0,25250000.0
1420,2021,18100000.0,1870000.0,16230000.0,15,10,Ligue 1,25.0,52200000.0
1095,2021,0.0,21800000.0,-21800000.0,23,23,Ligue 1,25.4,77300000.0
1158,2021,10000000.0,10500000.0,-500000.0,17,14,Ligue 1,24.6,87400000.0
3524,2021,0.0,0.0,0.0,16,17,Ligue 1,25.8,37200000.0
